code_colour,item_status,odm_customer,item_name,item_location,receive_qty,stock_qty,release_date,item_aging,pack_unit,pack_size,item_group,item_category,odm_ppo,mfg_date,item_cargo,arrive_date,soldout_date,soldout_status
C24105680,FULL PRICE,,SHREYA DRESS,G21,27,9,2024-12-17 00:00:00+00,3RD WEEK,6,"{""S/M"":2,""M/L"":2,""L/XL"":2}",BOHO,DRESS,,,,2024-11-06 00:00:00+00,,
C24156804,FULL PRICE,,FLAMINGO MAXI DRESS,F34,19,6,2024-12-17 00:00:00+00,3RD WEEK,8,"{""S"":2,""M"":2,""L"":2,""XL"":2}",BOHO,DRESS,,,,2024-11-06 00:00:00+00,,
C24272833,FULL PRICE,,LEMON BREEZE STRAP DRESS 13 DEC AIR,J22,29,19,2024-12-17 00:00:00+00,3RD WEEK,8,"{""S"":2,""M"":2,""L"":2,""XL"":2}",BOHO,DRESS,,,,2024-12-20 00:00:00+00,,
C24270835,FULL PRICE,,LEMON BREEZE PANTS 13 DEC AIR,H12,28,27,2024-12-17 00:00:00+00,3RD WEEK,6,"{""S/M"":2,""M/L"":2,""L/XL"":2}",BOHO,PANT,,,,2024-12-20 00:00:00+00,,
C24248834,FULL PRICE,,LEMON BREEZE SHIRT 13 DEC AIR,J22,27,26,2024-12-17 00:00:00+00,3RD WEEK,6,"{""S/M"":2,""M/L"":2,""L/XL"":2}",BOHO,DRESS,,,,2024-12-20 00:00:00+00,,
C23347644,OUT OF STOCK,,ALISHA DRESS,R21 BESIDE,16,,2024-12-16 00:00:00+00,3RD WEEK,7,"{""S"":2,""M"":2,""L"":2,""XL"":1}",BOHO,DRESS,,,,2024-01-20 00:00:00+00,2024-12-20 00:00:00+00,NEW RELEASE
C24773800,FULL PRICE,,GRAVES BABY DRESS,O31,36,14.5,2024-12-16 00:00:00+00,3RD WEEK,8,"{""S"":2,""M"":2,""L"":2,""XL"":2}",BOHO,DRESS,,,,2024-11-27 00:00:00+00,,
C24729470,FULL PRICE,,LILIA DRESS,L11 FRONT,28,14.5,2024-12-16 00:00:00+00,3RD WEEK,8,"{""S"":2,""M"":2,""L"":2,""XL"":2}",BOHO,DRESS,,,,2024-08-26 00:00:00+00,,
C24154660,FULL PRICE,,LAZULI DRESS,K33,32,15,2024-12-16 00:00:00+00,3RD WEEK,8,"{""S"":2,""M"":2,""L"":2,""XL"":2}",BOHO,DRESS,,,,2024-11-04 00:00:00+00,,
C24411746,FULL PRICE,,ALESHA DRESS,K12,29,23,2024-12-16 00:00:00+00,3RD WEEK,8,"{""S"":2,""M"":2,""L"":2,""XL"":2}",BOHO,DRESS,,,,2024-11-20 00:00:00+00,,
C24411808,FULL PRICE,,SWEET CHERRY BABY DRESS,I32,31,15,2024-12-16 00:00:00+00,3RD WEEK,8,"{""S"":2,""M"":2,""L"":2,""XL"":2}",BOHO,DRESS,,,,2024-11-06 00:00:00+00,,
C24773747(LABEL-C24733747),FULL PRICE,,PEACHY PINK DRESS,I24,32,22.5,2024-12-16 00:00:00+00,3RD WEEK,8,"{""S"":2,""M"":2,""L"":2,""XL"":2}",BOHO,DRESS,,,,2024-11-20 00:00:00+00,,
C24411543,OUT OF STOCK,,LAZULI DRESS (REPEAT),F24,26,,2024-12-16 00:00:00+00,3RD WEEK,8,"{""S"":2,""M"":2,""L"":2,""XL"":2}",BOHO,DRESS,,,,2024-11-04 00:00:00+00,2024-12-20 00:00:00+00,NEW RELEASE
C24137686,FULL PRICE,,UNICORN DRESS,F11,30,11,2024-12-16 00:00:00+00,3RD WEEK,8,"{""S"":2,""M"":2,""L"":2,""XL"":2}",BOHO,DRESS,,,,2024-11-19 00:00:00+00,,
C24202687,FULL PRICE,,UNICORN MIDI DRESS,G11,27,20.5,2024-12-16 00:00:00+00,3RD WEEK,8,"{""S"":2,""M"":2,""L"":2,""XL"":2}",BOHO,DRESS,,,,2024-11-19 00:00:00+00,,
C24223809,FULL PRICE,,SWEET CHERRY SHIRT DRESS,F33,31,5,2024-12-16 00:00:00+00,3RD WEEK,8,"{""S"":2,""M"":2,""L"":2,""XL"":2}",BOHO,DRESS,,,,2024-12-11 00:00:00+00,,
P24188792,FULL PRICE,,RUBY JOY DRESS,A32,18,6,2024-12-16 00:00:00+00,3RD WEEK,7,"{ ""8"": 1, ""10"": 2, ""12"": 2, ""14"": 1, ""16"": 1 }",PRIMROSE,DRESS,,,,2024-11-06 00:00:00+00,,
C24194775,FULL PRICE,,VELMA DRESS,F14,24,5,2024-12-16 00:00:00+00,3RD WEEK,8,"{""S"":2,""M"":2,""L"":2,""XL"":2}",BOHO,DRESS,,,,2024-12-11 00:00:00+00,,
P24198795,FULL PRICE,,LEMONCILLA SHORT DRESS,A12,28,10,2024-12-16 00:00:00+00,3RD WEEK,7,"{ ""8"": 1, ""10"": 2, ""12"": 2, ""14"": 1, ""16"": 1 }",PRIMROSE,DRESS,,,,2024-11-06 00:00:00+00,,
C24133504,FULL PRICE,,NDIGO DRESS,O34,25,3,2024-12-09 00:00:00+00,4TH WEEK,8,"{""S"":2,""M"":2,""L"":2,""XL"":2}",BOHO,DRESS,,,,2024-08-07 00:00:00+00,,
C24119628,FULL PRICE,,BOLTON DRESS,K23,27,5,2024-12-09 00:00:00+00,4TH WEEK,6,"{""S/M"":2,""M/L"":2,""L/XL"":2}",BOHO,DRESS,,,,2024-11-04 00:00:00+00,,
C24105626,FULL PRICE,,ARROYO DRESS,J24,29,7,2024-12-09 00:00:00+00,4TH WEEK,6,"{""S/M"":2,""M/L"":2,""L/XL"":2}",BOHO,DRESS,,,,2024-10-18 00:00:00+00,,
C24105652,FULL PRICE,,MENDEZ DRESS,I23,29,6.5,2024-12-09 00:00:00+00,4TH WEEK,6,"{""S/M"":2,""M/L"":2,""L/XL"":2}",BOHO,DRESS,,,,2024-10-18 00:00:00+00,,
C24411629,RETURN,,GINA DRESS (REPEAT),H33,28,13.5,2024-12-09 00:00:00+00,4TH WEEK,8,"{""S"":2,""M"":2,""L"":2,""XL"":2}",BOHO,DRESS,,,,2024-10-11 00:00:00+00,,
C24372459,OUT OF STOCK,,SCARLETT DRESS,F34,28,,2024-12-09 00:00:00+00,4TH WEEK,8,"{""S"":2,""M"":2,""L"":2,""XL"":2}",BOHO,DRESS,,,,2024-08-22 00:00:00+00,2024-12-13 00:00:00+00,NEW RELEASE
C24437740,FULL PRICE,,MAGNOLIA MIDI DRESS,F32,32,24,2024-12-09 00:00:00+00,4TH WEEK,8,"{""S"":2,""M"":2,""L"":2,""XL"":2}",BOHO,DRESS,,,,2024-11-19 00:00:00+00,,
C24140741,FULL PRICE,,MAGNOLIA DRESS,G12,32,20.5,2024-12-09 00:00:00+00,4TH WEEK,8,"{""S"":2,""M"":2,""L"":2,""XL"":2}",BOHO,DRESS,,,,2024-11-19 00:00:00+00,,
P24221753,FULL PRICE,,ASIYA MIDI DRESS,C32,22,11,2024-12-09 00:00:00+00,4TH WEEK,7,"{ ""8"": 1, ""10"": 2, ""12"": 2, ""14"": 1, ""16"": 1 }",PRIMROSE,DRESS,,,,2024-11-27 00:00:00+00,,
P24167677,FULL PRICE,,RIYA DRESS,C24,19,14,2024-12-09 00:00:00+00,4TH WEEK,7,"{ ""8"": 1, ""10"": 2, ""12"": 2, ""14"": 1, ""16"": 1 }",PRIMROSE,DRESS,,,,2024-11-20 00:00:00+00,,
P24191690,OUT OF STOCK,,LEMONCILLA DRESS,C23,22,,2024-12-09 00:00:00+00,4TH WEEK,7,"{ ""8"": 1, ""10"": 2, ""12"": 2, ""14"": 1, ""16"": 1 }",PRIMROSE,DRESS,,,,2024-11-20 00:00:00+00,2024-12-20 00:00:00+00,FULL PRICE
P24636754,FULL PRICE,,ASIYA SHORT DRESS,C14,35,18,2024-12-09 00:00:00+00,4TH WEEK,7,"{ ""8"": 1, ""10"": 2, ""12"": 2, ""14"": 1, ""16"": 1 }",PRIMROSE,DRESS,,,,2024-11-27 00:00:00+00,,
P24187688,FULL PRICE,,MELISA DRESS,C22,22,9,2024-12-09 00:00:00+00,4TH WEEK,7,"{ ""8"": 1, ""10"": 2, ""12"": 2, ""14"": 1, ""16"": 1 }",PRIMROSE,DRESS,,,,2024-11-27 00:00:00+00,,
P24186764 PINK,FULL PRICE,,FARLEY DRESS,A12,21,12,2024-12-09 00:00:00+00,4TH WEEK,7,"{ ""8"": 1, ""10"": 2, ""12"": 2, ""14"": 1, ""16"": 1 }",PRIMROSE,DRESS,,,,2024-11-20 00:00:00+00,,
P24186764 BLACK,FULL PRICE,,FARLEY DRESS,A11,22,9,2024-12-09 00:00:00+00,4TH WEEK,7,"{ ""8"": 1, ""10"": 2, ""12"": 2, ""14"": 1, ""16"": 1 }",PRIMROSE,DRESS,,,,2024-11-20 00:00:00+00,,
C24117750,FULL PRICE,,JUNGLE FRUIT MIDI DRESS,Q32,28,3,2024-12-02 00:00:00+00,5TH WEEK,8,"{""S"":2,""M"":2,""L"":2,""XL"":2}",BOHO,DRESS,,,,2024-11-20 00:00:00+00,,
C24157681,FULL PRICE,,VERDANT LEAF DRESS,Q23,24,8,2024-12-02 00:00:00+00,5TH WEEK,8,"{""S"":2,""M"":2,""L"":2,""XL"":2}",BOHO,DRESS,,,,2024-11-20 00:00:00+00,,
C24157780,FULL PRICE,,JUNGLE FRUIT DRESS,P14,24,9.5,2024-12-02 00:00:00+00,5TH WEEK,8,"{""S"":2,""M"":2,""L"":2,""XL"":2}",BOHO,DRESS,,,,2024-11-20 00:00:00+00,,
C24773748 GREEN,OUT OF STOCK,,MORRISON DRESS,K21,23,,2024-12-02 00:00:00+00,5TH WEEK,8,"{""S"":2,""M"":2,""L"":2,""XL"":2}",BOHO,DRESS,,,,2024-11-20 00:00:00+00,2024-12-06 00:00:00+00,NEW RELEASE
C24134749,FULL PRICE,,JUNGLE FRUIT SHIRRED DRESS,J32,24,12.5,2024-12-02 00:00:00+00,5TH WEEK,8,"{""S"":2,""M"":2,""L"":2,""XL"":2}",BOHO,DRESS,,,,2024-11-20 00:00:00+00,,
C24773748 BLUE,FULL PRICE,,MORRISON DRESS,J12,24,3,2024-12-02 00:00:00+00,5TH WEEK,8,"{""S"":2,""M"":2,""L"":2,""XL"":2}",BOHO,DRESS,,,,2024-11-20 00:00:00+00,,
C24110539 (LABEL-C24411746),RETURN,,ANEMONE DRESS,H34,30,19,2024-12-02 00:00:00+00,5TH WEEK,8,"{""S"":2,""M"":2,""L"":2,""XL"":2}",BOHO,DRESS,,,,2024-11-19 00:00:00+00,,
C24411647,OUT OF STOCK,,GRAVES DRESS,H11,49,,2024-12-02 00:00:00+00,5TH WEEK,8,"{""S"":2,""M"":2,""L"":2,""XL"":2}",BOHO,DRESS,,,,2024-11-27 00:00:00+00,2024-12-20 00:00:00+00,FULL PRICE
C24192676,OUT OF STOCK,,LAVINIA DRESS,G21,32,,2024-12-02 00:00:00+00,5TH WEEK,8,"{""S"":2,""M"":2,""L"":2,""XL"":2}",BOHO,DRESS,,,,2024-11-19 00:00:00+00,2024-12-13 00:00:00+00,FULL PRICE
C24158752,FULL PRICE,,ELLENA DRESS,G21,37,5,2024-12-02 00:00:00+00,5TH WEEK,8,"{""S"":2,""M"":2,""L"":2,""XL"":2}",BOHO,DRESS,,,,2024-11-19 00:00:00+00,,
C24773751,FULL PRICE,,ELLENA MIDI DRESS,F31,30,6.5,2024-12-02 00:00:00+00,5TH WEEK,8,"{""S"":2,""M"":2,""L"":2,""XL"":2}",BOHO,DRESS,,,,2024-11-19 00:00:00+00,,
P24191689,FULL PRICE,,LILY-MAY DRESS,C32,22,13,2024-12-02 00:00:00+00,5TH WEEK,7,"{ ""8"": 1, ""10"": 2, ""12"": 2, ""14"": 1, ""16"": 1 }",PRIMROSE,DRESS,,,,2024-11-20 00:00:00+00,,
P24718766,FULL PRICE,,AQUARIA DRESS,C21,17,9,2024-12-02 00:00:00+00,5TH WEEK,7,"{ ""8"": 1, ""10"": 2, ""12"": 2, ""14"": 1, ""16"": 1 }",PRIMROSE,DRESS,,,,2024-11-20 00:00:00+00,,
P24172743,OUT OF STOCK,,VIVA VACANZE MAXI DRESS,C14,14,,2024-12-02 00:00:00+00,5TH WEEK,7,"{ ""8"": 1, ""10"": 2, ""12"": 2, ""14"": 1, ""16"": 1 }",PRIMROSE,DRESS,,,,2024-11-20 00:00:00+00,2024-12-13 00:00:00+00,FULL PRICE
P24186765,FULL PRICE,,AQUARIA MAXI DRESS,C13,26,19,2024-12-02 00:00:00+00,5TH WEEK,7,"{ ""8"": 1, ""10"": 2, ""12"": 2, ""14"": 1, ""16"": 1 }",PRIMROSE,DRESS,,,,2024-11-20 00:00:00+00,,
P24302643 WHITE,FULL PRICE,,OTTILIE DRESS,A34,18,3,2024-12-02 00:00:00+00,5TH WEEK,7,"{ ""8"": 1, ""10"": 2, ""12"": 2, ""14"": 1, ""16"": 1 }",PRIMROSE,DRESS,,,,2024-10-11 00:00:00+00,,
P24302643 KHAKI,FULL PRICE,,OTTILIE DRESS,A34,18,4,2024-12-02 00:00:00+00,5TH WEEK,7,"{ ""8"": 1, ""10"": 2, ""12"": 2, ""14"": 1, ""16"": 1 }",PRIMROSE,DRESS,,,,2024-10-11 00:00:00+00,,
P24737644,FULL PRICE,,ADELIZA DRESS,A23,21,7,2024-12-02 00:00:00+00,5TH WEEK,7,"{ ""8"": 1, ""10"": 2, ""12"": 2, ""14"": 1, ""16"": 1 }",PRIMROSE,DRESS,,,,2024-10-11 00:00:00+00,,
P24170744,OUT OF STOCK,,VIVA VACANZE SHORT DRESS,A23,14,,2024-12-02 00:00:00+00,5TH WEEK,7,"{ ""8"": 1, ""10"": 2, ""12"": 2, ""14"": 1, ""16"": 1 }",PRIMROSE,DRESS,,,,2024-11-20 00:00:00+00,2024-12-13 00:00:00+00,FULL PRICE
C24095668 PINK,FULL PRICE,,KYRA PANTS,O11 BESIDE,25,21,2024-11-24 00:00:00+00,6TH WEEK,6,"{""S/M"":2,""M/L"":2,""L/XL"":2}",BOHO,PANT,,,,2024-11-06 00:00:00+00,,
C24095668 KHAKI,FULL PRICE,,KYRA PANTS,O11 BESIDE,25,21,2024-11-24 00:00:00+00,6TH WEEK,6,"{""S/M"":2,""M/L"":2,""L/XL"":2}",BOHO,PANT,,,,2024-11-06 00:00:00+00,,
C24143669 PINK,FULL PRICE,,KYRA SHIRT,L11 FRONT,25,20,2024-11-24 00:00:00+00,6TH WEEK,6,"{""S/M"":2,""M/L"":2,""L/XL"":2}",BOHO,SHIRT,,,,2024-11-06 00:00:00+00,,
C24143669 KHAKI,FULL PRICE,,KYRA PANTS,L11 FRONT,25,22,2024-11-24 00:00:00+00,6TH WEEK,6,"{""S/M"":2,""M/L"":2,""L/XL"":2}",BOHO,PANT,,,,2024-11-06 00:00:00+00,,
C24095672,FULL PRICE,,LENNY PANTS,J33,25,20,2024-11-24 00:00:00+00,6TH WEEK,6,"{""S/M"":2,""M/L"":2,""L/XL"":2}",BOHO,PANT,,,,2024-11-06 00:00:00+00,,
C24411716,FULL PRICE,,CHANEY DRESS,I14 AND J11 FRONT,29,4.5,2024-11-24 00:00:00+00,6TH WEEK,8,"{""S"":2,""M"":2,""L"":2,""XL"":2}",BOHO,DRESS,,,,2024-11-06 00:00:00+00,,
C24105651,FULL PRICE,,BOND DRESS,I13,30,4,2024-11-24 00:00:00+00,6TH WEEK,6,"{""S/M"":2,""M/L"":2,""L/XL"":2}",BOHO,DRESS,,,,2024-10-18 00:00:00+00,,
C24168714,OUT OF STOCK,,CHANEY MIDI DRESS,H31,30,,2024-11-24 00:00:00+00,6TH WEEK,8,"{""S"":2,""M"":2,""L"":2,""XL"":2}",BOHO,DRESS,,,,2024-11-19 00:00:00+00,2024-12-19 00:00:00+00,FULL PRICE
C24812597 GREEN,FULL PRICE,,ALYSHA DRESS,H24,33,14.5,2024-11-24 00:00:00+00,6TH WEEK,8,"{""S"":2,""M"":2,""L"":2,""XL"":2}",BOHO,DRESS,,,,2024-10-29 00:00:00+00,,
C24812597 RED,FULL PRICE,,ALYSHA DRESS,H22,33,17,2024-11-24 00:00:00+00,6TH WEEK,8,"{""S"":2,""M"":2,""L"":2,""XL"":2}",BOHO,DRESS,,,,2024-10-29 00:00:00+00,,
C24117452 RED,FULL PRICE,,EMBER MIDI DRESS,F21,36,5.5,2024-11-24 00:00:00+00,6TH WEEK,8,"{""S"":2,""M"":2,""L"":2,""XL"":2}",BOHO,DRESS,,,,2024-08-26 00:00:00+00,,
C24143671,FULL PRICE,,LENNY SHIRT,F12,23,12,2024-11-24 00:00:00+00,6TH WEEK,6,"{""S/M"":2,""M/L"":2,""L/XL"":2}",BOHO,SHIRT,,,,2024-11-19 00:00:00+00,,
C24117452 GREEN,FULL PRICE,,EMBER MIDI DRESS,F11,36,5.5,2024-11-24 00:00:00+00,6TH WEEK,8,"{""S"":2,""M"":2,""L"":2,""XL"":2}",BOHO,DRESS,,,,2024-08-26 00:00:00+00,,
C24105457,OUT OF STOCK,,REYES DRESS,,24,,2024-11-24 00:00:00+00,6TH WEEK,6,"{""S/M"":2,""M/L"":2,""L/XL"":2}",BOHO,DRESS,,,,2024-09-23 00:00:00+00,2024-11-28 00:00:00+00,NEW RELEASE
C24002599,OUT OF STOCK,,BOND DRESS,,35,,2024-11-22 00:00:00+00,6TH WEEK,6,"{""S/M"":2,""M/L"":2,""L/XL"":2}",BOHO,DRESS,,,,2024-10-18 00:00:00+00,2024-11-26 00:00:00+00,NEW RELEASE
C24199630 GREEN,OUT OF STOCK,,LIYANA DRESS,Q14 BESIDE,29,,2024-11-18 00:00:00+00,7TH WEEK,8,"{""S"":2,""M"":2,""L"":2,""XL"":2}",BOHO,DRESS,,,,2024-11-19 00:00:00+00,2024-12-20 00:00:00+00,FULL PRICE
C24199630 BLUE,FULL PRICE,,LIYANA DRESS,Q14 BESIDE,27,6.5,2024-11-18 00:00:00+00,7TH WEEK,8,"{""S"":2,""M"":2,""L"":2,""XL"":2}",BOHO,DRESS,,,,2024-11-19 00:00:00+00,,
C24199630 FUSCHIA,FULL PRICE,,LIYANA DRESS,Q14 BESIDE,29,10.5,2024-11-18 00:00:00+00,7TH WEEK,8,"{""S"":2,""M"":2,""L"":2,""XL"":2}",BOHO,DRESS,,,,2024-11-19 00:00:00+00,,
C24002721,FULL PRICE,,MARILYN DRESS,K34,29,15,2024-11-18 00:00:00+00,7TH WEEK,6,"{""S/M"":2,""M/L"":2,""L/XL"":2}",BOHO,DRESS,,,,2024-11-04 00:00:00+00,,
C24124653,OUT OF STOCK,,BARRY DRESS,K31,20,,2024-11-18 00:00:00+00,7TH WEEK,8,"{""S"":2,""M"":2,""L"":2,""XL"":2}",BOHO,DRESS,,,,2024-11-04 00:00:00+00,2024-12-13 00:00:00+00,FULL PRICE
C24208675,FULL PRICE,,WILD PETAL DRESS,J34,30,7,2024-11-18 00:00:00+00,7TH WEEK,8,"{""S"":2,""M"":2,""L"":2,""XL"":2}",BOHO,DRESS,,,,2024-11-04 00:00:00+00,,
C24110670,OUT OF STOCK,,SUSIE DRESS,J22,30,,2024-11-18 00:00:00+00,7TH WEEK,8,"{""S"":2,""M"":2,""L"":2,""XL"":2}",BOHO,DRESS,,,,2024-11-04 00:00:00+00,2024-12-13 00:00:00+00,FULL PRICE
C24105682 GREEN,OUT OF STOCK,,MARILYN MIDI DRESS,J22,21,,2024-11-18 00:00:00+00,7TH WEEK,6,"{""S/M"":2,""M/L"":2,""L/XL"":2}",BOHO,DRESS,,,,2024-11-04 00:00:00+00,2024-12-13 00:00:00+00,FULL PRICE
C24168674,FULL PRICE,,WILD PETAL MIDI DRESS,H11,35,17,2024-11-18 00:00:00+00,7TH WEEK,8,"{""S"":2,""M"":2,""L"":2,""XL"":2}",BOHO,DRESS,,,,2024-11-04 00:00:00+00,,
C24139646 GREEN,OUT OF STOCK,,NORMAN DRESS,G11 FRONT,32,,2024-11-18 00:00:00+00,7TH WEEK,8,"{""S"":2,""M"":2,""L"":2,""XL"":2}",BOHO,DRESS,,,,2024-11-04 00:00:00+00,2024-12-20 00:00:00+00,FULL PRICE
C24139646 BLUE,OUT OF STOCK,,NORMAN DRESS,F14 FRONT,33,,2024-11-18 00:00:00+00,7TH WEEK,8,"{""S"":2,""M"":2,""L"":2,""XL"":2}",BOHO,DRESS,,,,2024-11-04 00:00:00+00,2024-12-20 00:00:00+00,FULL PRICE
C24139658,OUT OF STOCK,,BARRERA MIDI DRESS,Q31,30,,2024-11-11 00:00:00+00,8TH WEEK,8,"{""S"":2,""M"":2,""L"":2,""XL"":2}",BOHO,DRESS,,,,2024-10-29 00:00:00+00,2024-12-20 00:00:00+00,FULL PRICE
C24124659,FULL PRICE,,BARRERA DRESS,P24,28,5.5,2024-11-11 00:00:00+00,8TH WEEK,8,"{""S"":2,""M"":2,""L"":2,""XL"":2}",BOHO,DRESS,,,,2024-10-29 00:00:00+00,,
C24105605 KHAKI,RETURN,,MATA DRESS - NEW COLOUR,N14 BESIDE,34,20,2024-11-11 00:00:00+00,8TH WEEK,6,"{""S/M"":2,""M/L"":2,""L/XL"":2}",BOHO,DRESS,,,,2024-10-29 00:00:00+00,,
C24105605 RED,RETURN,,MATA DRESS,N14 BESIDE,43,36,2024-11-11 00:00:00+00,8TH WEEK,6,"{""S/M"":2,""M/L"":2,""L/XL"":2}",BOHO,DRESS,,,,2024-11-19 00:00:00+00,,
C24168650,OUT OF STOCK,,CONNOR MIDI DRESS,J31,23,,2024-11-11 00:00:00+00,8TH WEEK,8,"{""S"":2,""M"":2,""L"":2,""XL"":2}",BOHO,DRESS,,,,2024-11-04 00:00:00+00,2024-12-06 00:00:00+00,FULL PRICE
C24105683 (OLD-C24105605 BLACK),RETURN,,MATA DRESS (REPEAT),J13,25,7,2024-11-11 00:00:00+00,8TH WEEK,6,"{""S/M"":2,""M/L"":2,""L/XL"":2}",BOHO,DRESS,,,,2024-11-04 00:00:00+00,,
C24095663,FULL PRICE,,ESHAL PANTS,G14,40,21.5,2024-11-11 00:00:00+00,8TH WEEK,6,"{""S/M"":2,""M/L"":2,""L/XL"":2}",BOHO,PANT,,,,2024-11-06 00:00:00+00,,
C24158598,OUT OF STOCK,,PRIYA DRESS,G12,35,,2024-11-11 00:00:00+00,8TH WEEK,8,"{""S"":2,""M"":2,""L"":2,""XL"":2}",BOHO,DRESS,,,,2024-10-29 00:00:00+00,2024-12-20 00:00:00+00,FULL PRICE
C24143662,FULL PRICE,,ESHAL SHIRT,F24,40,24,2024-11-11 00:00:00+00,8TH WEEK,6,"{""S/M"":2,""M/L"":2,""L/XL"":2}",BOHO,DRESS,,,,2024-11-06 00:00:00+00,,
C24124661,OUT OF STOCK,,ESHAL DRESS,F11 FRONT,30,,2024-11-11 00:00:00+00,8TH WEEK,8,"{""S"":2,""M"":2,""L"":2,""XL"":2}",BOHO,DRESS,,,,2024-11-06 00:00:00+00,2024-12-13 00:00:00+00,FULL PRICE
C24105605 GREEN,SHIPPING,,MATA DRESS (REPEAT) 13 DEC AIR,,,,2024-11-11 00:00:00+00,8TH WEEK,6,"{""S/M"":2,""M/L"":2,""L/XL"":2}",BOHO,DRESS,,,,2024-12-20 00:00:00+00,,
C089149 RED,RESTOCK,,DRAPE TOP,,100,50,2024-12-30 00:00:00+00,1ST WEEK,5,"{""ONE SIZE"":5}",BOHO,TOP,,2024-12-20 00:00:00+00,AIR,2024-12-30 00:00:00+00,,
C24411649,OUT OF STOCK,,CONNOR DRESS,,23,,2024-11-08 00:00:00+00,8TH WEEK,8,"{""S"":2,""M"":2,""L"":2,""XL"":2}",BOHO,DRESS,,,,2024-10-29 00:00:00+00,2024-11-26 00:00:00+00,FULL PRICE
C24124656,FULL PRICE,,SAMIA TOP,S34,55,27,2024-11-04 00:00:00+00,9TH WEEK,4,"{""ONE SIZE"":4}",BOHO,TOP,,,,2024-10-29 00:00:00+00,,
C24140521,OUT OF STOCK,,ALISH DRESS,Q34,28,,2024-11-04 00:00:00+00,9TH WEEK,8,"{""S"":2,""M"":2,""L"":2,""XL"":2}",BOHO,DRESS,,,,2024-08-21 00:00:00+00,2024-12-20 00:00:00+00,ON SALE
C24175664,OUT OF STOCK,,"ISHA MIDI DRESS
",P14,30,,2024-11-04 00:00:00+00,9TH WEEK,8,"{""S"":2,""M"":2,""L"":2,""XL"":2}",BOHO,DRESS,,,,2024-10-29 00:00:00+00,2024-12-20 00:00:00+00,ON SALE
C24304657,FULL PRICE,,SAMIA PANTS,O23,27,13.5,2024-11-04 00:00:00+00,9TH WEEK,8,"{""S"":2,""M"":2,""L"":2,""XL"":2}",BOHO,PANT,,,,2024-10-29 00:00:00+00,,
C24002655,OUT OF STOCK,,SAMIA DRESS,K12,38,,2024-11-04 00:00:00+00,9TH WEEK,6,"{""S/M"":2,""M/L"":2,""L/XL"":2}",BOHO,DRESS,,,,2024-10-18 00:00:00+00,2024-12-20 00:00:00+00,ON SALE
C24185678,ON SALE,,JENNY DRESS,I34,34,15,2024-11-04 00:00:00+00,9TH WEEK,8,"{""S"":2,""M"":2,""L"":2,""XL"":2}",BOHO,DRESS,,,,2024-11-05 00:00:00+00,,
C24183623 KHAKI,FULL PRICE,,GAIL DRESS,G34,23,7,2024-11-04 00:00:00+00,9TH WEEK,8,"{""S"":2,""M"":2,""L"":2,""XL"":2}",BOHO,DRESS,,,,2024-10-18 00:00:00+00,,
C24183623 PINK,FULL PRICE,,GAIL DRESS,G31,23,6,2024-11-04 00:00:00+00,9TH WEEK,8,"{""S"":2,""M"":2,""L"":2,""XL"":2}",BOHO,DRESS,,,,2024-10-18 00:00:00+00,,
C24124665,FULL PRICE,,ISHA DRESS,G22,22,11,2024-11-04 00:00:00+00,9TH WEEK,8,"{""S"":2,""M"":2,""L"":2,""XL"":2}",BOHO,DRESS,,,,2024-10-29 00:00:00+00,,
C24411679,OUT OF STOCK,,JENNY BABY DRESS,G12,26,,2024-11-04 00:00:00+00,9TH WEEK,8,"{""S"":2,""M"":2,""L"":2,""XL"":2}",BOHO,DRESS,,,,2024-10-29 00:00:00+00,2024-12-13 00:00:00+00,FULL PRICE
C24105627,OUT OF STOCK,,CONLEY DRESS,,25,,2024-11-01 00:00:00+00,9TH WEEK,6,"{""S/M"":2,""M/L"":2,""L/XL"":2}",BOHO,DRESS,,,,2024-10-11 00:00:00+00,2024-11-26 00:00:00+00,FULL PRICE
C24185634,ON SALE,,AMANDA DRESS,Q21,26,16.5,2024-10-28 00:00:00+00,10TH WEEK,8,"{""S"":2,""M"":2,""L"":2,""XL"":2}",BOHO,DRESS,,,,2024-10-11 00:00:00+00,,
C24372436,OUT OF STOCK,,CHERRY MIDI DRESS,O22,35,,2024-10-28 00:00:00+00,10TH WEEK,8,"{""S"":2,""M"":2,""L"":2,""XL"":2}",BOHO,DRESS,,,,2024-08-26 00:00:00+00,2024-12-06 00:00:00+00,FULL PRICE
C24183667,OUT OF STOCK,,DOLCE SHIRT DRESS,O11,32,,2024-10-28 00:00:00+00,10TH WEEK,8,"{""S"":2,""M"":2,""L"":2,""XL"":2}",BOHO,DRESS,,,,2024-10-29 00:00:00+00,2024-12-13 00:00:00+00,ON SALE
C24105605 BLUE,FULL PRICE,,MATA DRESS,N14 FRONT,34,28,2024-10-28 00:00:00+00,10TH WEEK,6,"{""S/M"":2,""M/L"":2,""L/XL"":2}",BOHO,DRESS,,,,2024-10-29 00:00:00+00,,
C24200511,OUT OF STOCK,,LENNON STRAP DRESS,L32,32,,2024-10-28 00:00:00+00,10TH WEEK,8,"{""S"":2,""M"":2,""L"":2,""XL"":2}",BOHO,DRESS,,,,2024-10-29 00:00:00+00,2024-12-13 00:00:00+00,ON SALE
C24130666,OUT OF STOCK,,DOLCE DRESS,J14,38,,2024-10-28 00:00:00+00,10TH WEEK,8,"{""S"":2,""M"":2,""L"":2,""XL"":2}",BOHO,DRESS,,,,2024-10-18 00:00:00+00,2024-12-20 00:00:00+00,ON SALE
C24202648,OUT OF STOCK,,GRAVES MIDI DRESS,,29,,2024-10-25 00:00:00+00,10TH WEEK,8,"{""S"":2,""M"":2,""L"":2,""XL"":2}",BOHO,DRESS,,,,2024-10-29 00:00:00+00,2024-11-05 00:00:00+00,FULL PRICE
C24700550,OUT OF STOCK,,SAOIRSE MIDI DRESS,,30,,2024-10-25 00:00:00+00,10TH WEEK,8,"{""S"":2,""M"":2,""L"":2,""XL"":2}",BOHO,DRESS,,,,2024-09-09 00:00:00+00,2024-11-19 00:00:00+00,FULL PRICE
C24411620,OUT OF STOCK,,DOTTY TIER DRESS,,21,,2024-10-25 00:00:00+00,10TH WEEK,8,"{""S"":2,""M"":2,""L"":2,""XL"":2}",BOHO,DRESS,,,,2024-10-04 00:00:00+00,2024-11-19 00:00:00+00,FULL PRICE
C24154618,OUT OF STOCK,,DOTTY MIDI DRESS,,22,,2024-10-25 00:00:00+00,10TH WEEK,8,"{""S"":2,""M"":2,""L"":2,""XL"":2}",BOHO,DRESS,,,,2024-10-04 00:00:00+00,2024-11-19 00:00:00+00,FULL PRICE
C24134619,OUT OF STOCK,,DOTTY DRESS,,22,,2024-10-25 00:00:00+00,10TH WEEK,8,"{""S"":2,""M"":2,""L"":2,""XL"":2}",BOHO,DRESS,,,,2024-10-04 00:00:00+00,2024-11-19 00:00:00+00,FULL PRICE
C24136517,ON SALE,,LINDA STRAP DRESS,G24,30,11,2024-10-21 00:00:00+00,11TH WEEK,8,"{""S"":2,""M"":2,""L"":2,""XL"":2}",BOHO,DRESS,,,,2024-10-04 00:00:00+00,,
P24302621,OUT OF STOCK,,ROSY RIBBONS STRAP DRESS,A34,20,,2024-10-21 00:00:00+00,11TH WEEK,7,"{""S"":2,""M"":2,""L"":2,""XL"":2}",BOHO,DRESS,,,,2024-10-04 00:00:00+00,2024-12-20 00:00:00+00,ON SALE
P24203622,ON SALE,,ROSY RIBBONS DRESS,A13,26,9,2024-10-21 00:00:00+00,11TH WEEK,7,"{ ""8"": 1, ""10"": 2, ""12"": 2, ""14"": 1, ""16"": 1 }",PRIMROSE,DRESS,,,,2024-10-11 00:00:00+00,,
C24411551,OUT OF STOCK,,SAOIRSE DRESS,,31,,2024-10-18 00:00:00+00,11TH WEEK,8,"{""S"":2,""M"":2,""L"":2,""XL"":2}",BOHO,DRESS,,,,2024-09-09 00:00:00+00,2024-10-22 00:00:00+00,NEW RELEASE
P24737624,OUT OF STOCK,,NIA MIDI DRESS,,15,,2024-10-18 00:00:00+00,11TH WEEK,7,"{ ""8"": 1, ""10"": 2, ""12"": 2, ""14"": 1, ""16"": 1 }",PRIMROSE,DRESS,,,,2024-10-04 00:00:00+00,2024-11-12 00:00:00+00,FULL PRICE
P24737608,OUT OF STOCK,,CAIDEN MIDI DRESS,,14,,2024-10-18 00:00:00+00,11TH WEEK,7,"{ ""8"": 1, ""10"": 2, ""12"": 2, ""14"": 1, ""16"": 1 }",PRIMROSE,DRESS,,,,2024-09-27 00:00:00+00,2024-11-12 00:00:00+00,FULL PRICE
P24198625,OUT OF STOCK,,NIA DRESS,,26,,2024-10-18 00:00:00+00,11TH WEEK,7,"{ ""8"": 1, ""10"": 2, ""12"": 2, ""14"": 1, ""16"": 1 }",PRIMROSE,DRESS,,,,2024-10-11 00:00:00+00,2024-11-12 00:00:00+00,FULL PRICE
C24117567,OUT OF STOCK,,RICHIE MIDI DRESS,,30,,2024-10-18 00:00:00+00,11TH WEEK,8,"{""S"":2,""M"":2,""L"":2,""XL"":2}",BOHO,DRESS,,,,2024-09-18 00:00:00+00,2024-11-19 00:00:00+00,FULL PRICE
C24175570,OUT OF STOCK,,MILLIE MIDI DRESS,P33,32,,2024-10-14 00:00:00+00,12TH WEEK,8,"{""S"":2,""M"":2,""L"":2,""XL"":2}",BOHO,DRESS,,,,2024-09-27 00:00:00+00,2024-12-06 00:00:00+00,ON SALE
C24176635,ON SALE,,CASEY STRAP DRESS,P21,24,16,2024-10-14 00:00:00+00,12TH WEEK,8,"{""S"":2,""M"":2,""L"":2,""XL"":2}",BOHO,DRESS,,,,2024-10-11 00:00:00+00,,
C24166606,FULL PRICE,,ELA MIDI DRESS,L31,18,4,2024-10-14 00:00:00+00,12TH WEEK,8,"{""S"":2,""M"":2,""L"":2,""XL"":2}",BOHO,DRESS,,,,2024-09-18 00:00:00+00,,
C24140607,FULL PRICE,,ELA DRESS,I14,28,3,2024-10-14 00:00:00+00,12TH WEEK,8,"{""S"":2,""M"":2,""L"":2,""XL"":2}",BOHO,DRESS,,,,2024-09-27 00:00:00+00,,
C24139520,OUT OF STOCK,,ALISH MIDI DRESS,,28,,2024-10-11 00:00:00+00,12TH WEEK,8,"{""S"":2,""M"":2,""L"":2,""XL"":2}",BOHO,DRESS,,,,2024-08-21 00:00:00+00,2024-10-22 00:00:00+00,FULL PRICE
C24117383,OUT OF STOCK,,HIBISCUS HUES MIDI DRESS (REPEAT-SOLD),,41,,2024-10-11 00:00:00+00,12TH WEEK,8,"{""S"":2,""M"":2,""L"":2,""XL"":2}",BOHO,DRESS,,,,2024-09-18 00:00:00+00,2024-11-12 00:00:00+00,FULL PRICE
C24105512,OUT OF STOCK,,ZYLA DRESS,,37,,2024-10-11 00:00:00+00,12TH WEEK,6,"{""S/M"":2,""M/L"":2,""L/XL"":2}",BOHO,DRESS,,,,2024-09-27 00:00:00+00,2024-11-12 00:00:00+00,FULL PRICE
C24725609,OUT OF STOCK,,ELA SHIRRED DRESS,,18,,2024-10-11 00:00:00+00,12TH WEEK,8,"{""S"":2,""M"":2,""L"":2,""XL"":2}",BOHO,DRESS,,,,2024-09-18 00:00:00+00,2024-11-19 00:00:00+00,FULL PRICE
C24185569,OUT OF STOCK,,MILLIE DRESS,,32,,2024-10-11 00:00:00+00,12TH WEEK,8,"{""S"":2,""M"":2,""L"":2,""XL"":2}",BOHO,DRESS,,,,2024-10-04 00:00:00+00,2024-11-19 00:00:00+00,FULL PRICE
C24173541,OUT OF STOCK,,EMERSON DRESS,N33,28,,2024-10-07 00:00:00+00,13TH WEEK,8,"{""S"":2,""M"":2,""L"":2,""XL"":2}",BOHO,DRESS,,,,2024-09-27 00:00:00+00,2024-12-20 00:00:00+00,ON SALE
C24002616,ON SALE,,LANI DRESS,K11,28.5,9,2024-10-07 00:00:00+00,13TH WEEK,6,"{""S/M"":2,""M/L"":2,""L/XL"":2}",BOHO,DRESS,,,,2024-09-27 00:00:00+00,,
C24105515,FULL PRICE,,KEELEY DRESS,I21,40,12,2024-10-07 00:00:00+00,13TH WEEK,6,"{""S/M"":2,""M/L"":2,""L/XL"":2}",BOHO,DRESS,,,,2024-09-27 00:00:00+00,,
C24134617,OUT OF STOCK,,LANI SHIRRED DRESS,F14,28,,2024-10-07 00:00:00+00,13TH WEEK,8,"{""S"":2,""M"":2,""L"":2,""XL"":2}",BOHO,DRESS,,,,2024-09-27 00:00:00+00,2024-12-20 00:00:00+00,ON SALE
P24736547,FULL PRICE,,TALIA SHORTS,A32,24,6,2024-10-07 00:00:00+00,13TH WEEK,7,"{ ""8"": 1, ""10"": 2, ""12"": 2, ""14"": 1, ""16"": 1 }",PRIMROSE,PANT,,,,2024-09-09 00:00:00+00,,
P24108545,FULL PRICE,,TALIA TOP,B24,30,16,2024-10-07 00:00:00+00,13TH WEEK,7,"{ ""8"": 1, ""10"": 2, ""12"": 2, ""14"": 1, ""16"": 1 }",PRIMROSE,TOP,,,,2024-09-09 00:00:00+00,,
P24775549,ON SALE,,APOLLO TOP,A33,28,20,2024-10-07 00:00:00+00,13TH WEEK,7,"{ ""8"": 1, ""10"": 2, ""12"": 2, ""14"": 1, ""16"": 1 }",PRIMROSE,TOP,,,,2024-10-04 00:00:00+00,,
P24110546,OUT OF STOCK,,TALIA DRESS,A32,30,,2024-10-07 00:00:00+00,13TH WEEK,7,"{ ""8"": 1, ""10"": 2, ""12"": 2, ""14"": 1, ""16"": 1 }",PRIMROSE,DRESS,,,,2024-09-09 00:00:00+00,2024-12-20 00:00:00+00,ON SALE
P24127548,OUT OF STOCK,,APOLLO MIDI DRESS,,25,,2024-10-04 00:00:00+00,13TH WEEK,7,"{ ""8"": 1, ""10"": 2, ""12"": 2, ""14"": 1, ""16"": 1 }",PRIMROSE,DRESS,,,,2024-09-12 00:00:00+00,2024-10-22 00:00:00+00,FULL PRICE
C24139463,OUT OF STOCK,,SOLAR MIDI DRESS,,29,,2024-10-04 00:00:00+00,13TH WEEK,8,"{""S"":2,""M"":2,""L"":2,""XL"":2}",BOHO,DRESS,,,,2024-08-07 00:00:00+00,2024-10-29 00:00:00+00,FULL PRICE
C24116522,OUT OF STOCK,,VESPERA MIDI DRESS,,28,,2024-10-04 00:00:00+00,13TH WEEK,8,"{""S"":2,""M"":2,""L"":2,""XL"":2}",BOHO,DRESS,,,,2024-09-09 00:00:00+00,2024-11-19 00:00:00+00,ON SALE
C24156532,ON SALE,,SHELLEY DRESS,I11,32,25,2024-09-30 00:00:00+00,14TH WEEK,8,"{""S"":2,""M"":2,""L"":2,""XL"":2}",BOHO,DRESS,,,,2024-09-12 00:00:00+00,,
C24725531,ON SALE,,SHELLEY SHIRRED DRESS,H12,30,10.5,2024-09-30 00:00:00+00,14TH WEEK,8,"{""S"":2,""M"":2,""L"":2,""XL"":2}",BOHO,DRESS,,,,2024-09-09 00:00:00+00,,
C24411600,OUT OF STOCK,,BERTIE DRESS,,30,,2024-09-27 00:00:00+00,14TH WEEK,8,"{""S"":2,""M"":2,""L"":2,""XL"":2}",BOHO,DRESS,,,,2024-09-18 00:00:00+00,2024-10-22 00:00:00+00,FULL PRICE
C24117542,OUT OF STOCK,,FOLEY MIDI DRESS,,28,,2024-09-27 00:00:00+00,14TH WEEK,8,"{""S"":2,""M"":2,""L"":2,""XL"":2}",BOHO,DRESS,,,,2024-09-12 00:00:00+00,2024-11-12 00:00:00+00,ON SALE
C089149 NAVY,FULL PRICE,,DRAPE TOP (REPEAT),M34,45,48,2024-09-23 00:00:00+00,15TH WEEK,5,"{""ONE SIZE"":5}",BOHO,TOP,,,,2024-11-19 00:00:00+00,,
C089149 GREEN,FULL PRICE,,DRAPE TOP (REPEAT),M24,32,40,2024-09-23 00:00:00+00,15TH WEEK,5,"{""ONE SIZE"":5}",BOHO,TOP,,,,2024-11-19 00:00:00+00,,
C089149 BLACK,FULL PRICE,,DRAPE TOP,L13 FRONT,100,50,2024-12-30 00:00:00+00,1ST WEEK,5,"{""ONE SIZE"":5}",BOHO,TOP,,2024-12-20 00:00:00+00,AIR,2024-12-30 00:00:00+00,,
C24129537,FULL PRICE,,COBRA GAZE STRAP DRESS,J21,40,15,2024-09-23 00:00:00+00,15TH WEEK,8,"{""S"":2,""M"":2,""L"":2,""XL"":2}",BOHO,DRESS,,,,2024-09-09 00:00:00+00,,
C24142516,OUT OF STOCK,,KAREN DRESS,I33,30,,2024-09-23 00:00:00+00,15TH WEEK,8,"{""S"":2,""M"":2,""L"":2,""XL"":2}",BOHO,DRESS,,,,2024-09-12 00:00:00+00,2024-12-13 00:00:00+00,ON SALE
C24105605 BLACK,FULL PRICE,,MATA DRESS (REPEAT) 13 DEC AIR,,,,2024-09-23 00:00:00+00,15TH WEEK,6,"{""S/M"":2,""M/L"":2,""L/XL"":2}",BOHO,DRESS,,,,2024-12-20 00:00:00+00,,
C24105487,OUT OF STOCK,,CISNEROS DRESS,,27,,2024-09-20 00:00:00+00,15TH WEEK,6,"{""S/M"":2,""M/L"":2,""L/XL"":2}",BOHO,DRESS,,,,2024-08-21 00:00:00+00,2024-10-01 00:00:00+00,FULL PRICE
C24411384,OUT OF STOCK,,HIBISCUS HUES SHORT DRESS (REPEAT-SOLD),,30,,2024-09-20 00:00:00+00,15TH WEEK,8,"{""S"":2,""M"":2,""L"":2,""XL"":2}",BOHO,DRESS,,,,2024-09-18 00:00:00+00,2024-10-01 00:00:00+00,FULL PRICE
C24158535,OUT OF STOCK,,CARNATION PIPING DRESS,,11,,2024-09-20 00:00:00+00,15TH WEEK,8,"{""S"":2,""M"":2,""L"":2,""XL"":2}",BOHO,DRESS,,,,2024-09-09 00:00:00+00,2024-10-01 00:00:00+00,FULL PRICE
C24303534,OUT OF STOCK,,CARNATION DRESS,,12,,2024-09-20 00:00:00+00,15TH WEEK,8,"{""S"":2,""M"":2,""L"":2,""XL"":2}",BOHO,DRESS,,,,2024-09-09 00:00:00+00,2024-10-08 00:00:00+00,FULL PRICE
C24117544,OUT OF STOCK,,CYAN DRESS,,18,,2024-09-20 00:00:00+00,15TH WEEK,8,"{""S"":2,""M"":2,""L"":2,""XL"":2}",BOHO,DRESS,,,,2024-09-09 00:00:00+00,2024-11-19 00:00:00+00,ON SALE
P24737446,FULL PRICE,,JUNGLE SECRET MIDI DRESS,C31,30,9,2024-09-16 00:00:00+00,16TH WEEK,7,"{ ""8"": 1, ""10"": 2, ""12"": 2, ""14"": 1, ""16"": 1 }",PRIMROSE,DRESS,,,,2024-08-26 00:00:00+00,,
C24239451,OUT OF STOCK,,CERISE DRESS,,34,,2024-09-13 00:00:00+00,16TH WEEK,8,"{""S"":2,""M"":2,""L"":2,""XL"":2}",BOHO,DRESS,,,,2024-08-22 00:00:00+00,2024-09-17 00:00:00+00,NEW RELEASE
C24139503,OUT OF STOCK,,GLOVER MIDI DRESS,,24,,2024-09-13 00:00:00+00,16TH WEEK,8,"{""S"":2,""M"":2,""L"":2,""XL"":2}",BOHO,DRESS,,,,2024-09-23 00:00:00+00,2024-09-24 00:00:00+00,FULL PRICE
P24109447,OUT OF STOCK,,JUNGLE SECRET DRESS,,35,,2024-09-13 00:00:00+00,16TH WEEK,7,"{ ""8"": 1, ""10"": 2, ""12"": 2, ""14"": 1, ""16"": 1 }",PRIMROSE,DRESS,,,,2024-08-22 00:00:00+00,2024-10-01 00:00:00+00,FULL PRICE
C24105469,OUT OF STOCK,,CONSTANCE DRESS,,39,,2024-09-13 00:00:00+00,16TH WEEK,6,"{""S/M"":2,""M/L"":2,""L/XL"":2}",BOHO,DRESS,,,,2024-08-07 00:00:00+00,2024-10-15 00:00:00+00,FULL PRICE
C24725458,OUT OF STOCK,,DWARF BLOOM MIDI DRESS,,30,,2024-09-13 00:00:00+00,16TH WEEK,8,"{""S"":2,""M"":2,""L"":2,""XL"":2}",BOHO,DRESS,,,,2024-08-22 00:00:00+00,2024-11-05 00:00:00+00,ON SALE
C24700450,OUT OF STOCK,,CERISE MIDI DRESS,,39,,2024-09-13 00:00:00+00,16TH WEEK,8,"{""S"":2,""M"":2,""L"":2,""XL"":2}",BOHO,DRESS,,,,2024-08-22 00:00:00+00,2024-11-05 00:00:00+00,ON SALE
C24124444,OUT OF STOCK,,FREJA DRESS,G14,28,,2024-09-09 00:00:00+00,17TH WEEK,8,"{""S"":2,""M"":2,""L"":2,""XL"":2}",BOHO,DRESS,,,,2024-08-16 00:00:00+00,2024-12-06 00:00:00+00,ON SALE
C24139445,OUT OF STOCK,,FREJA MIDI DRESS,,32,,2024-09-06 00:00:00+00,17TH WEEK,8,"{""S"":2,""M"":2,""L"":2,""XL"":2}",BOHO,DRESS,,,,2024-08-16 00:00:00+00,2024-11-12 00:00:00+00,ON SALE
C24105488,OUT OF STOCK,,SILAS DRESS,,25,,2024-09-06 00:00:00+00,17TH WEEK,6,"{""S/M"":2,""M/L"":2,""L/XL"":2}",BOHO,DRESS,,,,2024-08-16 00:00:00+00,2024-09-10 00:00:00+00,NEW RELEASE
C24110518,OUT OF STOCK,,REID DRESS,,28,,2024-09-06 00:00:00+00,17TH WEEK,8,"{""S"":2,""M"":2,""L"":2,""XL"":2}",BOHO,DRESS,,,,2024-08-21 00:00:00+00,2024-09-17 00:00:00+00,FULL PRICE
C24116519,OUT OF STOCK,,REID MIDI DRESS,,27,,2024-09-06 00:00:00+00,17TH WEEK,8,"{""S"":2,""M"":2,""L"":2,""XL"":2}",BOHO,DRESS,,,,2024-08-21 00:00:00+00,2024-09-24 00:00:00+00,FULL PRICE
C24151538,OUT OF STOCK,,COBRA GAZE DRESS,,33,,2024-09-06 00:00:00+00,17TH WEEK,8,"{""S"":2,""M"":2,""L"":2,""XL"":2}",BOHO,DRESS,,,,2024-08-28 00:00:00+00,2024-10-08 00:00:00+00,FULL PRICE
C24164536,OUT OF STOCK,,NALANI STRAP DRESS,R34,38,,2024-09-02 00:00:00+00,18TH WEEK,8,"{""S"":2,""M"":2,""L"":2,""XL"":2}",BOHO,DRESS,,,,2024-08-21 00:00:00+00,2024-12-13 00:00:00+00,ON SALE
C24812443,OUT OF STOCK,,CASTILLO DRESS,,30,,2024-08-30 00:00:00+00,18TH WEEK,8,"{""S"":2,""M"":2,""L"":2,""XL"":2}",BOHO,DRESS,,,,2024-08-07 00:00:00+00,2024-09-03 00:00:00+00,NEW RELEASE
C23708453,OUT OF STOCK,,ZAHRAA DRESS,,23,,2024-08-30 00:00:00+00,18TH WEEK,8,"{""S"":2,""M"":2,""L"":2,""XL"":2}",BOHO,DRESS,,,,2024-07-31 00:00:00+00,2024-09-17 00:00:00+00,FULL PRICE
C24411528,OUT OF STOCK,,NALANI DRESS,,28,,2024-08-30 00:00:00+00,18TH WEEK,8,"{""S"":2,""M"":2,""L"":2,""XL"":2}",BOHO,DRESS,,,,2024-08-28 00:00:00+00,2024-09-24 00:00:00+00,FULL PRICE
C24770510,OUT OF STOCK,,LEENA MIDI DRESS,,22,,2024-08-30 00:00:00+00,18TH WEEK,8,"{""S"":2,""M"":2,""L"":2,""XL"":2}",BOHO,DRESS,,,,2024-08-16 00:00:00+00,2024-10-01 00:00:00+00,FULL PRICE
C24706442,OUT OF STOCK,,KAILANI DRESS,,28,,2024-08-30 00:00:00+00,18TH WEEK,8,"{""S"":2,""M"":2,""L"":2,""XL"":2}",BOHO,DRESS,,,,2024-08-16 00:00:00+00,2024-10-08 00:00:00+00,FULL PRICE
C24133489,OUT OF STOCK,,AMIR DRESS,,30,,2024-08-30 00:00:00+00,18TH WEEK,8,"{""S"":2,""M"":2,""L"":2,""XL"":2}",BOHO,DRESS,,,,2024-08-16 00:00:00+00,2024-10-08 00:00:00+00,FULL PRICE
P24736426,ON SALE,,CIERRA SHORTS,B34,20,6,2024-08-26 00:00:00+00,19TH WEEK,7,"{ ""8"": 1, ""10"": 2, ""12"": 2, ""14"": 1, ""16"": 1 }",PRIMROSE,PANT,,,,2024-06-26 00:00:00+00,,
P24069213,ON SALE,,NOOR SKIRT,B24,19,15,2024-08-26 00:00:00+00,19TH WEEK,7,"{ ""8"": 1, ""10"": 2, ""12"": 2, ""14"": 1, ""16"": 1 }",PRIMROSE,SKIRT,,,,2024-06-19 00:00:00+00,,
P24818425,ON SALE,,CIERRA SHIRT,A33,23,10,2024-08-26 00:00:00+00,19TH WEEK,7,"{ ""8"": 1, ""10"": 2, ""12"": 2, ""14"": 1, ""16"": 1 }",PRIMROSE,SHIRT,,,,2024-06-26 00:00:00+00,,
P24737428,ON SALE,,CIERRA MIDI DRESS,A22,26,7,2024-08-26 00:00:00+00,19TH WEEK,7,"{ ""8"": 1, ""10"": 2, ""12"": 2, ""14"": 1, ""16"": 1 }",PRIMROSE,DRESS,,,,2024-07-11 00:00:00+00,,
P24735212,ON SALE,,NOOR SHIRT,A14,20,13,2024-08-26 00:00:00+00,19TH WEEK,7,"{ ""8"": 1, ""10"": 2, ""12"": 2, ""14"": 1, ""16"": 1 }",PRIMROSE,SHIRT,,,,2024-06-12 00:00:00+00,,
P23683494,FULL PRICE,,ALEXIA DRESS,A31,,4,2024-08-25 00:00:00+00,19TH WEEK,7,"{ ""8"": 1, ""10"": 2, ""12"": 2, ""14"": 1, ""16"": 1 }",PRIMROSE,DRESS,,,,2023-08-15 00:00:00+00,,
P24639435,OUT OF STOCK,,TUSCAN DREAM DRESS,,19,,2024-08-23 00:00:00+00,19TH WEEK,7,"{ ""8"": 1, ""10"": 2, ""12"": 2, ""14"": 1, ""16"": 1 }",PRIMROSE,DRESS,,,,2024-07-04 00:00:00+00,2024-09-03 00:00:00+00,FULL PRICE
C24105509,OUT OF STOCK,,ELLIOTT DRESS,,26,,2024-08-23 00:00:00+00,19TH WEEK,6,"{""S/M"":2,""M/L"":2,""L/XL"":2}",BOHO,DRESS,,,,2024-08-16 00:00:00+00,2024-09-10 00:00:00+00,FULL PRICE
P24737434,OUT OF STOCK,,TUSCAN DREAM MIDI DRESS,,22,,2024-08-23 00:00:00+00,19TH WEEK,7,"{ ""8"": 1, ""10"": 2, ""12"": 2, ""14"": 1, ""16"": 1 }",PRIMROSE,DRESS,,,,2024-07-11 00:00:00+00,2024-09-17 00:00:00+00,FULL PRICE
C24372449,OUT OF STOCK,,"CAMELLIA JOY MIDI DRESS
",,36,,2024-08-23 00:00:00+00,19TH WEEK,8,"{""S"":2,""M"":2,""L"":2,""XL"":2}",BOHO,DRESS,,,,2024-08-22 00:00:00+00,2024-10-01 00:00:00+00,FULL PRICE
C24107482,OUT OF STOCK,,MALACHY MIDI DRESS,,31,,2024-08-23 00:00:00+00,19TH WEEK,8,"{""S"":2,""M"":2,""L"":2,""XL"":2}",BOHO,DRESS,,,,2024-08-16 00:00:00+00,2024-10-01 00:00:00+00,FULL PRICE
P24109424,OUT OF STOCK,,CIERRA DRESS,,21,,2024-08-23 00:00:00+00,19TH WEEK,7,"{ ""8"": 1, ""10"": 2, ""12"": 2, ""14"": 1, ""16"": 1 }",PRIMROSE,DRESS,,,,2024-06-26 00:00:00+00,2024-10-08 00:00:00+00,ON SALE
C24161440,OUT OF STOCK,,SHELLY MIDI DRESS,,30,,2024-08-23 00:00:00+00,19TH WEEK,8,"{""S"":2,""M"":2,""L"":2,""XL"":2}",BOHO,DRESS,,,,2024-08-21 00:00:00+00,2024-10-08 00:00:00+00,ON SALE
C24133505,OUT OF STOCK,,SARIAH DRESS,,26,,2024-08-23 00:00:00+00,19TH WEEK,8,"{""S"":2,""M"":2,""L"":2,""XL"":2}",BOHO,DRESS,,,,2024-08-07 00:00:00+00,2024-10-15 00:00:00+00,ON SALE
C24120448,OUT OF STOCK,,CAMELLIA JOY  DRESS,,29,,2024-08-23 00:00:00+00,19TH WEEK,8,"{""S"":2,""M"":2,""L"":2,""XL"":2}",BOHO,DRESS,,,,2024-08-22 00:00:00+00,2024-10-15 00:00:00+00,ON SALE
C24770467,ON SALE,,CASTILLO DRESS,O24,23,8,2024-08-19 00:00:00+00,20TH WEEK,8,"{""S"":2,""M"":2,""L"":2,""XL"":2}",BOHO,DRESS,,,,2024-08-07 00:00:00+00,,
C24553460,OUT OF STOCK,,MARISOL MIDI DRESS,,29,,2024-08-16 00:00:00+00,20TH WEEK,8,"{""S"":2,""M"":2,""L"":2,""XL"":2}",BOHO,DRESS,,,,2024-08-07 00:00:00+00,2024-11-12 00:00:00+00,ON SALE
C24105486,OUT OF STOCK,,ROWAN DRESS,,39,,2024-08-16 00:00:00+00,20TH WEEK,6,"{""S/M"":2,""M/L"":2,""L/XL"":2}",BOHO,DRESS,,,,2024-08-07 00:00:00+00,2024-09-17 00:00:00+00,FULL PRICE
C24152439,OUT OF STOCK,,SHELLY DRESS,,29,,2024-08-16 00:00:00+00,20TH WEEK,8,"{""S"":2,""M"":2,""L"":2,""XL"":2}",BOHO,DRESS,,,,2024-08-07 00:00:00+00,2024-10-08 00:00:00+00,ON SALE
C24141484,OUT OF STOCK,,ROMSEY DRESS,N34,30,,2024-08-12 00:00:00+00,21ST WEEK,8,"{""S"":2,""M"":2,""L"":2,""XL"":2}",BOHO,DRESS,,,,2024-07-31 00:00:00+00,2024-10-18 00:00:00+00,ON SALE
C24725485,OUT OF STOCK,,ROMSEY MIDI DRESS,L32,34,,2024-08-12 00:00:00+00,21ST WEEK,8,"{""S"":2,""M"":2,""L"":2,""XL"":2}",BOHO,DRESS,,,,2024-07-31 00:00:00+00,2024-10-18 00:00:00+00,ON SALE
C24140461,OUT OF STOCK,,SOLARA DRESS,,30,,2024-08-09 00:00:00+00,21ST WEEK,8,"{""S"":2,""M"":2,""L"":2,""XL"":2}",BOHO,DRESS,,,,2024-07-31 00:00:00+00,2024-10-15 00:00:00+00,ON SALE
C24708471,OUT OF STOCK,,COSTAL BLUE TIRED DRESS,,18,,2024-08-02 00:00:00+00,22ND WEEK,8,"{""S"":2,""M"":2,""L"":2,""XL"":2}",BOHO,DRESS,,,,2024-07-17 00:00:00+00,2024-11-19 00:00:00+00,ON SALE
C23700386,OUT OF STOCK,,COSTAL BLUE MIDI DRESS,,37,,2024-08-02 00:00:00+00,22ND WEEK,8,"{""S"":2,""M"":2,""L"":2,""XL"":2}",BOHO,DRESS,,,,2024-07-17 00:00:00+00,2024-11-19 00:00:00+00,ON SALE
C24105468,OUT OF STOCK,,GILLESPIE DRESS,,26,,2024-08-02 00:00:00+00,22ND WEEK,6,"{""S/M"":2,""M/L"":2,""L/XL"":2}",BOHO,DRESS,,,,2024-07-31 00:00:00+00,2024-09-03 00:00:00+00,FULL PRICE
C24131385,OUT OF STOCK,,COSTAL BLUE DRESS,,18,,2024-08-02 00:00:00+00,22ND WEEK,8,"{""S"":2,""M"":2,""L"":2,""XL"":2}",BOHO,DRESS,,,,2024-07-17 00:00:00+00,2024-09-10 00:00:00+00,FULL PRICE
C24239465,OUT OF STOCK,,GILLESPIE DRESS,,30,,2024-08-02 00:00:00+00,22ND WEEK,8,"{""S"":2,""M"":2,""L"":2,""XL"":2}",BOHO,DRESS,,,,2024-07-24 00:00:00+00,2024-10-01 00:00:00+00,ON SALE
C24700454,OUT OF STOCK,,RAIHAN MIDI DRESS,,22,,2024-07-26 00:00:00+00,23RD WEEK,8,"{""S"":2,""M"":2,""L"":2,""XL"":2}",BOHO,DRESS,,,,2024-07-24 00:00:00+00,2024-10-15 00:00:00+00,ON SALE
C24783395,OUT OF STOCK,,HIBISCUS HUES STRAP DRESS,,26,,2024-07-26 00:00:00+00,23RD WEEK,8,"{""S"":2,""M"":2,""L"":2,""XL"":2}",BOHO,DRESS,,,,2024-07-17 00:00:00+00,2024-10-22 00:00:00+00,ON SALE
C24617192,OUT OF STOCK,,OCEANA SHIRT,,23,,2024-07-26 00:00:00+00,23RD WEEK,8,"{""S"":2,""M"":2,""L"":2,""XL"":2}",BOHO,SHIRT,,,,2024-07-17 00:00:00+00,2024-10-29 00:00:00+00,ON SALE
C24304193,OUT OF STOCK,,TESSELLATE PANTS,,28,,2024-07-26 00:00:00+00,23RD WEEK,8,"{""S"":2,""M"":2,""L"":2,""XL"":2}",BOHO,PANT,,,,2024-05-12 00:00:00+00,2024-11-05 00:00:00+00,ON SALE
C24105194,OUT OF STOCK,,OCEANA SHIRT,,25,,2024-07-26 00:00:00+00,23RD WEEK,6,"{""S/M"":2,""M/L"":2,""L/XL"":2}",BOHO,DRESS,,,,2024-05-12 00:00:00+00,2024-07-30 00:00:00+00,NEW RELEASE
C24373464,OUT OF STOCK,,KURT MIDI DRESS,,21,,2024-07-26 00:00:00+00,23RD WEEK,8,"{""S"":2,""M"":2,""L"":2,""XL"":2}",BOHO,DRESS,,,,2024-07-24 00:00:00+00,2024-08-13 00:00:00+00,FULL PRICE
C24139462,OUT OF STOCK,,LARRY MIDI DRESS,,29,,2024-07-26 00:00:00+00,23RD WEEK,8,"{""S"":2,""M"":2,""L"":2,""XL"":2}",BOHO,DRESS,,,,2024-07-24 00:00:00+00,2024-08-20 00:00:00+00,FULL PRICE
P24736433,FULL PRICE,,ISLAND BREEZE SHORTS,B24,32,3,2024-07-22 00:00:00+00,24TH WEEK,7,"{ ""8"": 1, ""10"": 2, ""12"": 2, ""14"": 1, ""16"": 1 }",PRIMROSE,PANT,,,,2024-07-04 00:00:00+00,,
P24736422,ON SALE,,MGRA SHORTS,A31,29,1,2024-07-22 00:00:00+00,24TH WEEK,7,"{ ""8"": 1, ""10"": 2, ""12"": 2, ""14"": 1, ""16"": 1 }",PRIMROSE,PANT,,,,2024-06-26 00:00:00+00,,
P24735432,FULL PRICE,,ISLAND BREEZE SHIRT,A31,34,1,2024-07-22 00:00:00+00,24TH WEEK,7,"{ ""8"": 1, ""10"": 2, ""12"": 2, ""14"": 1, ""16"": 1 }",PRIMROSE,SHIRT,,,,2024-07-04 00:00:00+00,,
P24735421,ON SALE,,MGRA SHIRT,A23,30,5,2024-07-22 00:00:00+00,24TH WEEK,7,"{ ""8"": 1, ""10"": 2, ""12"": 2, ""14"": 1, ""16"": 1 }",PRIMROSE,SHIRT,,,,2024-06-26 00:00:00+00,,
P24737423,OUT OF STOCK,,MGRA DRESS,A21,40,,2024-07-22 00:00:00+00,24TH WEEK,7,"{ ""8"": 1, ""10"": 2, ""12"": 2, ""14"": 1, ""16"": 1 }",PRIMROSE,DRESS,,,,2024-07-04 00:00:00+00,2024-12-20 00:00:00+00,ON SALE
C24130430,OUT OF STOCK,,MELON MINGLE DRESS,,39,,2024-07-19 00:00:00+00,24TH WEEK,8,"{""S"":2,""M"":2,""L"":2,""XL"":2}",BOHO,DRESS,,,,2024-07-11 00:00:00+00,2024-09-24 00:00:00+00,ON SALE
C24812429,OUT OF STOCK,,MELON MINGLE MIDI DRESS,,39,,2024-07-19 00:00:00+00,24TH WEEK,8,"{""S"":2,""M"":2,""L"":2,""XL"":2}",BOHO,DRESS,,,,2024-07-04 00:00:00+00,2024-10-08 00:00:00+00,ON SALE
C24239441,OUT OF STOCK,,OCEANA DRESS,,28,,2024-07-19 00:00:00+00,24TH WEEK,8,"{""S"":2,""M"":2,""L"":2,""XL"":2}",BOHO,DRESS,,,,2024-07-11 00:00:00+00,2024-10-15 00:00:00+00,ON SALE
C24617400,OUT OF STOCK,,OCEANA SHIRT,,21,,2024-07-19 00:00:00+00,24TH WEEK,8,"{""S"":2,""M"":2,""L"":2,""XL"":2}",BOHO,SHIRT,,,,2024-07-11 00:00:00+00,2024-10-29 00:00:00+00,ON SALE
C24304401,OUT OF STOCK,,OCEANA PANTS,,20,,2024-07-19 00:00:00+00,24TH WEEK,8,"{""S"":2,""M"":2,""L"":2,""XL"":2}",BOHO,PANT,,,,2024-07-11 00:00:00+00,2024-10-29 00:00:00+00,ON SALE
P24127413,OUT OF STOCK,,SOLEIL MIDI DRESS,,20,,2024-07-19 00:00:00+00,24TH WEEK,7,"{ ""8"": 1, ""10"": 2, ""12"": 2, ""14"": 1, ""16"": 1 }",PRIMROSE,DRESS,,,,2024-06-26 00:00:00+00,2024-08-06 00:00:00+00,FULL PRICE
P24735414,OUT OF STOCK,,SOLEIL SHIRT,,19,,2024-07-19 00:00:00+00,24TH WEEK,7,"{ ""8"": 1, ""10"": 2, ""12"": 2, ""14"": 1, ""16"": 1 }",PRIMROSE,SHIRT,,,,2024-07-04 00:00:00+00,2024-08-13 00:00:00+00,FULL PRICE
P24027415,OUT OF STOCK,,SOLEIL PANTS,,21,,2024-07-19 00:00:00+00,24TH WEEK,7,"{ ""8"": 1, ""10"": 2, ""12"": 2, ""14"": 1, ""16"": 1 }",PRIMROSE,PANT,,,,2024-06-26 00:00:00+00,2024-08-13 00:00:00+00,FULL PRICE
C24392402,OUT OF STOCK,,OCEANA MIDI DRESS,,18,,2024-07-19 00:00:00+00,24TH WEEK,8,"{""S"":2,""M"":2,""L"":2,""XL"":2}",BOHO,DRESS,,,,2024-07-04 00:00:00+00,2024-08-13 00:00:00+00,FULL PRICE
P24718431,OUT OF STOCK,,ISLAND BREEZE DRESS,,31,,2024-07-19 00:00:00+00,24TH WEEK,7,"{ ""8"": 1, ""10"": 2, ""12"": 2, ""14"": 1, ""16"": 1 }",PRIMROSE,DRESS,,,,2024-07-04 00:00:00+00,2024-08-27 00:00:00+00,FULL PRICE
C24049438,OUT OF STOCK,,SOLSTICE MIDI DRESS,,26,,2024-07-19 00:00:00+00,24TH WEEK,8,"{""S"":2,""M"":2,""L"":2,""XL"":2}",BOHO,DRESS,,,,2024-07-11 00:00:00+00,2024-08-27 00:00:00+00,FULL PRICE
P24109427,OUT OF STOCK,,SOLEIL DRESS,,20,,2024-07-19 00:00:00+00,24TH WEEK,7,"{ ""8"": 1, ""10"": 2, ""12"": 2, ""14"": 1, ""16"": 1 }",PRIMROSE,DRESS,,,,2024-06-26 00:00:00+00,2024-09-17 00:00:00+00,ON SALE
C24373382,OUT OF STOCK,,CALLIOPE DRESS,,19,,2024-07-12 00:00:00+00,25TH WEEK,8,"{""S"":2,""M"":2,""L"":2,""XL"":2}",BOHO,DRESS,,,,2024-07-04 00:00:00+00,2024-09-24 00:00:00+00,ON SALE
C24770419,OUT OF STOCK,,HUNTRESS MIDI DRESS,,35,,2024-07-12 00:00:00+00,25TH WEEK,8,"{""S"":2,""M"":2,""L"":2,""XL"":2}",BOHO,DRESS,,,,2024-07-04 00:00:00+00,2024-10-01 00:00:00+00,ON SALE
C24304418,OUT OF STOCK,,ARES PANTS,,29,,2024-07-12 00:00:00+00,25TH WEEK,8,"{""S"":2,""M"":2,""L"":2,""XL"":2}",BOHO,PANT,,,,2024-06-26 00:00:00+00,2024-10-01 00:00:00+00,ON SALE
C24128417,OUT OF STOCK,,ARES SHIRT,,30,,2024-07-12 00:00:00+00,25TH WEEK,8,"{""S"":2,""M"":2,""L"":2,""XL"":2}",BOHO,SHIRT,,,,2024-06-26 00:00:00+00,2024-10-01 00:00:00+00,ON SALE
C24146420,OUT OF STOCK,,HUNTRESS DRESS,,28,,2024-07-12 00:00:00+00,25TH WEEK,8,"{""S"":2,""M"":2,""L"":2,""XL"":2}",BOHO,DRESS,,,,2024-07-17 00:00:00+00,2024-10-22 00:00:00+00,ON SALE
C24353396,OUT OF STOCK,,KAMIL DRESS,,29,,2024-07-12 00:00:00+00,25TH WEEK,8,"{""S"":2,""M"":2,""L"":2,""XL"":2}",BOHO,DRESS,,,,2024-06-26 00:00:00+00,2024-11-19 00:00:00+00,ON SALE
C24105219,OUT OF STOCK,,JESTER DRESS (REPEAT-SOLD),,43,,2024-07-12 00:00:00+00,25TH WEEK,6,"{""S/M"":2,""M/L"":2,""L/XL"":2}",BOHO,DRESS,,,,2024-07-11 00:00:00+00,2024-07-23 00:00:00+00,FULL PRICE
C24105416,OUT OF STOCK,,ARES MIDI DRESS,,41,,2024-07-12 00:00:00+00,25TH WEEK,6,"{""S/M"":2,""M/L"":2,""L/XL"":2}",BOHO,DRESS,,,,2024-06-26 00:00:00+00,2024-09-10 00:00:00+00,ON SALE
C24024223,ON SALE,,ZEPHYR SHIRT,K24,30,9,2024-07-08 00:00:00+00,26TH WEEK,8,"{""S"":2,""M"":2,""L"":2,""XL"":2}",BOHO,SHIRT,,,,2024-06-05 00:00:00+00,,
C24304224,OUT OF STOCK,,ZEPHYR PANTS,,25,,2024-07-05 00:00:00+00,26TH WEEK,8,"{""S"":2,""M"":2,""L"":2,""XL"":2}",BOHO,PANT,,,,2024-06-12 00:00:00+00,2024-09-17 00:00:00+00,ON SALE
C24802377,OUT OF STOCK,,ATHALIA DRESS,,24,,2024-07-05 00:00:00+00,26TH WEEK,8,"{""S"":2,""M"":2,""L"":2,""XL"":2}",BOHO,DRESS,,,,2024-06-26 00:00:00+00,2024-10-15 00:00:00+00,ON SALE
C24105393,OUT OF STOCK,,WINIFRED DRESS,,29,,2024-07-05 00:00:00+00,26TH WEEK,6,"{""S/M"":2,""M/L"":2,""L/XL"":2}",BOHO,DRESS,,,,2024-06-19 00:00:00+00,2024-07-09 00:00:00+00,NEW RELEASE
C24729388,OUT OF STOCK,,ISADORA DRESS,,16,,2024-07-05 00:00:00+00,26TH WEEK,8,"{""S"":2,""M"":2,""L"":2,""XL"":2}",BOHO,DRESS,,,,2024-06-19 00:00:00+00,2024-07-16 00:00:00+00,FULL PRICE
C24105376,OUT OF STOCK,,ATHALIA MIDI DRESS,,42,,2024-07-05 00:00:00+00,26TH WEEK,6,"{""S/M"":2,""M/L"":2,""L/XL"":2}",BOHO,DRESS,,,,2024-06-26 00:00:00+00,2024-07-30 00:00:00+00,FULL PRICE
C24770391,OUT OF STOCK,,THEODORA DRESS,,28,,2024-07-05 00:00:00+00,26TH WEEK,8,"{""S"":2,""M"":2,""L"":2,""XL"":2}",BOHO,DRESS,,,,2024-06-19 00:00:00+00,2024-09-03 00:00:00+00,ON SALE
C24105397,OUT OF STOCK,,SUMAYA DRESS,,28,,2024-06-28 00:00:00+00,27TH WEEK,6,"{""S/M"":2,""M/L"":2,""L/XL"":2}",BOHO,DRESS,,,,2024-06-19 00:00:00+00,2024-07-02 00:00:00+00,NEW RELEASE
C24098394,OUT OF STOCK,,SABHAN DRESS,,27,,2024-06-28 00:00:00+00,27TH WEEK,8,"{""S"":2,""M"":2,""L"":2,""XL"":2}",BOHO,DRESS,,,,2024-06-26 00:00:00+00,2024-11-26 00:00:00+00,ON SALE
C24802390,OUT OF STOCK,,TATIANA DRESS,,25,,2024-06-28 00:00:00+00,27TH WEEK,8,"{""S"":2,""M"":2,""L"":2,""XL"":2}",BOHO,DRESS,,,,2024-06-19 00:00:00+00,2024-07-16 00:00:00+00,FULL PRICE
C24373389,OUT OF STOCK,,PANSY MIDI DRESS,,27,,2024-06-28 00:00:00+00,27TH WEEK,8,"{""S"":2,""M"":2,""L"":2,""XL"":2}",BOHO,DRESS,,,,2024-06-19 00:00:00+00,2024-07-16 00:00:00+00,FULL PRICE
C24077191 NAVY PINK,OUT OF STOCK,,REEVES DRESS,,18,,2024-06-28 00:00:00+00,27TH WEEK,8,"{""S"":2,""M"":2,""L"":2,""XL"":2}",BOHO,DRESS,,,,2024-06-12 00:00:00+00,2024-07-23 00:00:00+00,FULL PRICE
C24077191 BLACK ASH,OUT OF STOCK,,REEVES DRESS,,18,,2024-06-28 00:00:00+00,27TH WEEK,8,"{""S"":2,""M"":2,""L"":2,""XL"":2}",BOHO,DRESS,,,,2024-06-12 00:00:00+00,2024-07-23 00:00:00+00,FULL PRICE
C24407211,ON SALE,,DEXTER DRESS,K14,46,20,2024-06-24 00:00:00+00,28TH WEEK,8,"{""S"":2,""M"":2,""L"":2,""XL"":2}",BOHO,DRESS,,,,2024-06-12 00:00:00+00,,
C24105196,OUT OF STOCK,,SUNNIVA DRESS,,27,,2024-06-24 00:00:00+00,28TH WEEK,6,"{""S/M"":2,""M/L"":2,""L/XL"":2}",BOHO,DRESS,,,,2024-06-05 00:00:00+00,2024-06-28 00:00:00+00,NEW RELEASE
P24027176,OUT OF STOCK,,TERRA PANT,,22,,2024-06-24 00:00:00+00,28TH WEEK,7,"{ ""8"": 1, ""10"": 2, ""12"": 2, ""14"": 1, ""16"": 1 }",PRIMROSE,PANT,,,,2024-05-15 00:00:00+00,2024-07-12 00:00:00+00,FULL PRICE
C24024345,OUT OF STOCK,,NORRIS SHIRT,,23,,2024-06-21 00:00:00+00,28TH WEEK,8,"{""S"":2,""M"":2,""L"":2,""XL"":2}",BOHO,SHIRT,,,,2024-06-12 00:00:00+00,2024-10-22 00:00:00+00,ON SALE
C24105392,OUT OF STOCK,,GIBBONS DRESS,,25,,2024-06-21 00:00:00+00,28TH WEEK,6,"{""S/M"":2,""M/L"":2,""L/XL"":2}",BOHO,DRESS,,,,2024-06-19 00:00:00+00,2024-07-02 00:00:00+00,FULL PRICE
C24407197,OUT OF STOCK,,KANE MIDI DRESS,,22,,2024-06-21 00:00:00+00,28TH WEEK,8,"{""S"":2,""M"":2,""L"":2,""XL"":2}",BOHO,DRESS,,,,2024-06-12 00:00:00+00,2024-07-09 00:00:00+00,FULL PRICE
C24304346,OUT OF STOCK,,NORRIS PANTS,,22,,2024-06-21 00:00:00+00,28TH WEEK,8,"{""S"":2,""M"":2,""L"":2,""XL"":2}",BOHO,PANT,,,,2024-06-12 00:00:00+00,2024-07-30 00:00:00+00,FULL PRICE
P24030170,ON SALE,,CYRA DRESS,C11,29,14,2024-06-17 00:00:00+00,29TH WEEK,7,"{ ""8"": 1, ""10"": 2, ""12"": 2, ""14"": 1, ""16"": 1 }",PRIMROSE,DRESS,,,,2024-06-05 00:00:00+00,,
P24536205,OUT OF STOCK,,MAZINA DRESS,B34,21,,2024-06-17 00:00:00+00,29TH WEEK,7,"{ ""8"": 1, ""10"": 2, ""12"": 2, ""14"": 1, ""16"": 1 }",PRIMROSE,DRESS,,,,2024-05-15 00:00:00+00,2024-12-13 00:00:00+00,ON SALE
P24028171,ON SALE,,CRESSIDA SHIRT,A24,21,2,2024-06-17 00:00:00+00,29TH WEEK,7,"{ ""8"": 1, ""10"": 2, ""12"": 2, ""14"": 1, ""16"": 1 }",PRIMROSE,SHIRT,,,,2024-06-05 00:00:00+00,,
PK24101208 ROMANCE,NOT RELEASE,,EFFIE KNIT TOP,B11,23,15,2024-06-14 00:00:00+00,29TH WEEK,4,"{""S/M"":2,""L/XL"":2}",PRIMROSE,KNITWEAR,,,,2024-05-29 00:00:00+00,,
P24068206,ON SALE,,IDALIA JACKET,A44,22,2,2024-06-14 00:00:00+00,29TH WEEK,4,"{""S/M"":2,""L/XL"":2}",PRIMROSE,JACKET,,,,2024-06-12 00:00:00+00,,
P24027203,ON SALE,,MAZINA PANT,A43,20,2,2024-06-14 00:00:00+00,29TH WEEK,7,"{ ""8"": 1, ""10"": 2, ""12"": 2, ""14"": 1, ""16"": 1 }",PRIMROSE,PANT,,,,2024-05-22 00:00:00+00,,
P24028204,OUT OF STOCK,,MAZINA SHIRT,A24,20,,2024-06-14 00:00:00+00,29TH WEEK,7,"{ ""8"": 1, ""10"": 2, ""12"": 2, ""14"": 1, ""16"": 1 }",PRIMROSE,TOP,,,,2024-05-22 00:00:00+00,2024-12-10 00:00:00+00,ON SALE
PK24101208 MORANDI,NOT RELEASE,,EFFIE KNIT TOP,A14,23,8,2024-06-14 00:00:00+00,29TH WEEK,4,"{""S/M"":2,""L/XL"":2}",PRIMROSE,KNITWEAR,,,,2024-05-29 00:00:00+00,,
C24304218,OUT OF STOCK,,"ENID PANTS
",,22,,2024-06-14 00:00:00+00,29TH WEEK,8,"{""S"":2,""M"":2,""L"":2,""XL"":2}",BOHO,PANT,,,,2024-06-12 00:00:00+00,2024-09-10 00:00:00+00,ON SALE
C24039216,OUT OF STOCK,,ENID MIDI DRESS,,27,,2024-06-14 00:00:00+00,29TH WEEK,8,"{""S"":2,""M"":2,""L"":2,""XL"":2}",BOHO,DRESS,,,,2024-06-05 00:00:00+00,2024-09-10 00:00:00+00,ON SALE
C24024217,OUT OF STOCK,,ENID SHIRT,,23,,2024-06-14 00:00:00+00,29TH WEEK,8,"{""S"":2,""M"":2,""L"":2,""XL"":2}",BOHO,SHIRT,,,,2024-06-05 00:00:00+00,2024-11-26 00:00:00+00,ON SALE
P24028175,OUT OF STOCK,,TERRA SHIRT,,22,,2024-06-14 00:00:00+00,29TH WEEK,7,"{ ""8"": 1, ""10"": 2, ""12"": 2, ""14"": 1, ""16"": 1 }",PRIMROSE,SHIRT,,,,2024-05-22 00:00:00+00,2024-06-25 00:00:00+00,FULL PRICE
C24113344,OUT OF STOCK,,VINNY DRESS,,23,,2024-06-14 00:00:00+00,29TH WEEK,8,"{""S"":2,""M"":2,""L"":2,""XL"":2}",BOHO,DRESS,,,,2024-06-12 00:00:00+00,2024-06-25 00:00:00+00,FULL PRICE
P24014177,OUT OF STOCK,,TERRA SHORT DRESS,,18,,2024-06-14 00:00:00+00,29TH WEEK,7,"{ ""8"": 1, ""10"": 2, ""12"": 2, ""14"": 1, ""16"": 1 }",PRIMROSE,DRESS,,,,2024-05-29 00:00:00+00,2024-07-02 00:00:00+00,FULL PRICE
P24027172,OUT OF STOCK,,CRESSIDA PANT,,17,,2024-06-14 00:00:00+00,29TH WEEK,7,"{ ""8"": 1, ""10"": 2, ""12"": 2, ""14"": 1, ""16"": 1 }",PRIMROSE,PANT,,,,2024-06-12 00:00:00+00,2024-07-23 00:00:00+00,FULL PRICE
C24739078,OUT OF STOCK,,NORRIS DRESS (REPEAT-SOLD),,51,,2024-06-14 00:00:00+00,29TH WEEK,6,"{""S/M"":2,""M/L"":2,""L/XL"":2}",BOHO,DRESS,,,,2024-06-05 00:00:00+00,2024-07-23 00:00:00+00,FULL PRICE
C24038220,OUT OF STOCK,,CHIKI MIDI DRESS,,39,,2024-06-14 00:00:00+00,29TH WEEK,8,"{""S"":2,""M"":2,""L"":2,""XL"":2}",BOHO,DRESS,,,,2024-06-12 00:00:00+00,2024-07-30 00:00:00+00,ON SALE
PK24101208 MACARON,OUT OF STOCK,,EFFIE KNIT TOP,,25,,2024-06-14 00:00:00+00,29TH WEEK,4,"{""S/M"":2,""L/XL"":2}",PRIMROSE,KNITWEAR,,,,2024-05-29 00:00:00+00,2024-08-06 00:00:00+00,ON SALE
P24803207,OUT OF STOCK,,TERRA SHIRT DRESS,,34,,2024-06-14 00:00:00+00,29TH WEEK,7,"{ ""8"": 1, ""10"": 2, ""12"": 2, ""14"": 1, ""16"": 1 }",PRIMROSE,DRESS,,,,2024-05-29 00:00:00+00,2024-08-06 00:00:00+00,ON SALE
C24090164,OUT OF STOCK,,LILAC MELODY DRESS,,15,,2024-06-07 00:00:00+00,30TH WEEK,8,"{""S"":2,""M"":2,""L"":2,""XL"":2}",BOHO,DRESS,,,,2024-06-05 00:00:00+00,2024-06-11 00:00:00+00,NEW RELEASE
BK24104214 SAGE,OUT OF STOCK,,CERES KNIT TOP,,38,,2024-06-07 00:00:00+00,30TH WEEK,4,"{""S/M"":2,""L/XL"":2}",BOHO,KNITWEAR,,,,2024-05-29 00:00:00+00,2024-10-22 00:00:00+00,ON SALE
C24529183,OUT OF STOCK,,EUANDRESS,,18,,2024-06-07 00:00:00+00,30TH WEEK,8,"{""S"":2,""M"":2,""L"":2,""XL"":2}",BOHO,DRESS,,,,2024-05-29 00:00:00+00,2024-06-18 00:00:00+00,FULL PRICE
C24105187,OUT OF STOCK,,GERALDINE DRESS,,27,,2024-06-07 00:00:00+00,30TH WEEK,6,"{""S/M"":2,""M/L"":2,""L/XL"":2}",BOHO,DRESS,,,,2024-06-05 00:00:00+00,2024-06-25 00:00:00+00,FULL PRICE
C24040210,OUT OF STOCK,,CRICKET DRESS,,39,,2024-06-07 00:00:00+00,30TH WEEK,8,"{""S"":2,""M"":2,""L"":2,""XL"":2}",BOHO,DRESS,,,,2024-06-05 00:00:00+00,2024-06-25 00:00:00+00,FULL PRICE
C24039182,OUT OF STOCK,,EUANMIDI DRESS,,28,,2024-06-07 00:00:00+00,30TH WEEK,8,"{""S"":2,""M"":2,""L"":2,""XL"":2}",BOHO,DRESS,,,,2024-05-29 00:00:00+00,2024-07-16 00:00:00+00,FULL PRICE
C24759189,OUT OF STOCK,,MIETTA DRESS,,30,,2024-05-31 00:00:00+00,31ST WEEK,8,"{""S"":2,""M"":2,""L"":2,""XL"":2}",BOHO,DRESS,,,,2024-05-29 00:00:00+00,2024-08-06 00:00:00+00,ON SALE
C24407173,OUT OF STOCK,,MONIQUE DRESS,,23,,2024-05-31 00:00:00+00,31ST WEEK,8,"{""S"":2,""M"":2,""L"":2,""XL"":2}",BOHO,DRESS,,,,2024-05-22 00:00:00+00,2024-08-06 00:00:00+00,ON SALE
C24105071,OUT OF STOCK,,ELIOT DRESS (REPEAT-SOLD),,51,,2024-05-31 00:00:00+00,31ST WEEK,6,"{""S/M"":2,""M/L"":2,""L/XL"":2}",BOHO,DRESS,,,,2024-05-29 00:00:00+00,2024-08-13 00:00:00+00,ON SALE
C24024225,OUT OF STOCK,,SYLVIE SHIRT,,10,,2024-05-31 00:00:00+00,31ST WEEK,8,"{""S"":2,""M"":2,""L"":2,""XL"":2}",BOHO,SHIRT,,,,2024-05-29 00:00:00+00,2024-06-11 00:00:00+00,FULL PRICE
C24304226,OUT OF STOCK,,SYLVIE SHIRT,,11,,2024-05-31 00:00:00+00,31ST WEEK,8,"{""S"":2,""M"":2,""L"":2,""XL"":2}",BOHO,SHIRT,,,,2024-05-29 00:00:00+00,2024-07-30 00:00:00+00,ON SALE
C24041188,OUT OF STOCK,,JANIE DRESS,,26,,2024-05-31 00:00:00+00,31ST WEEK,8,"{""S"":2,""M"":2,""L"":2,""XL"":2}",BOHO,DRESS,,,,2024-05-29 00:00:00+00,2024-07-30 00:00:00+00,ON SALE
C24038227,OUT OF STOCK,,SYLVIE MIDI DRESS,,17,,2024-05-31 00:00:00+00,31ST WEEK,8,"{""S"":2,""M"":2,""L"":2,""XL"":2}",BOHO,DRESS,,,,2024-05-29 00:00:00+00,2024-07-30 00:00:00+00,ON SALE
C24047169,OUT OF STOCK,,CLIANTHA SHIRT,,20,,2024-05-24 00:00:00+00,32ND WEEK,6,"{""S/M"":2,""M/L"":2,""L/XL"":2}",BOHO,SHIRT,,,,2024-05-15 00:00:00+00,2024-07-30 00:00:00+00,ON SALE
C24095167,OUT OF STOCK,,CLIANTHA PANTS,,19,,2024-05-24 00:00:00+00,32ND WEEK,6,"{""S/M"":2,""M/L"":2,""L/XL"":2}",BOHO,PANT,,,,2024-05-15 00:00:00+00,2024-09-03 00:00:00+00,ON SALE
C24042114,OUT OF STOCK,,JODEA MIDI DRESS,,20,,2024-05-24 00:00:00+00,32ND WEEK,8,"{""S"":2,""M"":2,""L"":2,""XL"":2}",BOHO,DRESS,,,,2024-05-15 00:00:00+00,2024-06-25 00:00:00+00,FULL PRICE
C24813149,OUT OF STOCK,,JANNALI SHIRT,,19,,2024-05-24 00:00:00+00,32ND WEEK,8,"{""S"":2,""M"":2,""L"":2,""XL"":2}",BOHO,SHIRT,,,,2024-05-15 00:00:00+00,2024-07-02 00:00:00+00,FULL PRICE
C24095168,OUT OF STOCK,,NEAVE PANTS,,21,,2024-05-24 00:00:00+00,32ND WEEK,6,"{""S/M"":2,""M/L"":2,""L/XL"":2}",BOHO,PANT,,,,2024-05-15 00:00:00+00,2024-07-23 00:00:00+00,ON SALE
C24105185,OUT OF STOCK,,MAISHA DRESS,,27,,2024-05-17 00:00:00+00,33RD WEEK,6,"{""S/M"":2,""M/L"":2,""L/XL"":2}",BOHO,DRESS,,,,2024-05-15 00:00:00+00,2024-05-21 00:00:00+00,NEW RELEASE
C24075133,OUT OF STOCK,,NEAVE SHIRT,,21,,2024-05-17 00:00:00+00,33RD WEEK,6,"{""S/M"":2,""M/L"":2,""L/XL"":2}",BOHO,SHIRT,,,,2024-05-15 00:00:00+00,2024-07-16 00:00:00+00,ON SALE
BK24060098 MILKY,OUT OF STOCK,,"ALYA CARDIGAN
",,35,,2024-05-10 00:00:00+00,34TH WEEK,4,"{""S/M"":2,""L/XL"":2}",BOHO,KNITWEAR,,,,2024-05-11 00:00:00+00,2024-05-28 00:00:00+00,FULL PRICE
BK24060098 BLACK,OUT OF STOCK,,"ALYA CARDIGAN
",,35,,2024-05-10 00:00:00+00,34TH WEEK,4,"{""S/M"":2,""L/XL"":2}",BOHO,KNITWEAR,,,,2024-05-11 00:00:00+00,2024-05-28 00:00:00+00,FULL PRICE
C24049075,ON SALE,,FATIMA DRESS,P32,37,3,2024-04-19 00:00:00+00,37TH WEEK,7,"{""S"":2,""M"":2,""L"":2,""XL"":1}",BOHO,DRESS,,,,2024-04-17 00:00:00+00,,
C24105076,OUT OF STOCK,,OCHOA DRESS,,67,,2024-04-12 00:00:00+00,38TH WEEK,6,"{""S/M"":2,""M/L"":2,""L/XL"":2}",BOHO,DRESS,,,,2024-05-22 00:00:00+00,2024-05-07 00:00:00+00,FULL PRICE
C23316014 FUSCHIA,ON SALE,,HART SHIRT,N33,31,15,2024-03-22 00:00:00+00,41ST WEEK,6,"{""S/M"":2,""M/L"":2,""L/XL"":2}",BOHO,SHIRT,,,,2024-03-20 00:00:00+00,,
C23316014 GREEN,ON SALE,,HART SHIRT,N32,31,13,2024-03-22 00:00:00+00,41ST WEEK,6,"{""S/M"":2,""M/L"":2,""L/XL"":2}",BOHO,SHIRT,,,,2024-03-20 00:00:00+00,,
C23316014 BROWN,ON SALE,,HART SHIRT,N31,31,16,2024-03-22 00:00:00+00,41ST WEEK,6,"{""S/M"":2,""M/L"":2,""L/XL"":2}",BOHO,SHIRT,,,,2024-03-20 00:00:00+00,,
BK24065029 RAINBOW,OUT OF STOCK,,"MILLS KNIT TOP
",,48,,2024-03-15 00:00:00+00,42ND WEEK,4,"{""S/M"":2,""L/XL"":2}",BOHO,KNITWEAR,,,,2024-03-25 00:00:00+00,2024-05-21 00:00:00+00,ON SALE
BK24010024 BROWN,OUT OF STOCK,,BRITTNEY CARDIGAN,,22,,2024-03-15 00:00:00+00,42ND WEEK,4,"{""S/M"":2,""L/XL"":2}",BOHO,KNITWEAR,,,,2024-03-25 00:00:00+00,2024-05-21 00:00:00+00,ON SALE
BK24007021 LATTE,OUT OF STOCK,,MORALES CARDIGAN,,22,,2024-03-15 00:00:00+00,42ND WEEK,4,"{""S/M"":2,""L/XL"":2}",BOHO,KNITWEAR,,,,2024-03-25 00:00:00+00,2024-03-19 00:00:00+00,NEW RELEASE
BK23790708 KHAKI,OUT OF STOCK,,ROSARIO CARDIGAN,,23,,2024-03-15 00:00:00+00,42ND WEEK,4,"{""S/M"":2,""M/L"":2}",BOHO,KNITWEAR,,,,2024-03-25 00:00:00+00,2024-03-19 00:00:00+00,NEW RELEASE
PK23814778 IVORY BLACK,OUT OF STOCK,,"GABRIELA KNIT TOP
",,38,,2024-03-15 00:00:00+00,42ND WEEK,4,"{""S/M"":2,""L/XL"":2}",PRIMROSE,KNITWEAR,,,,2024-03-25 00:00:00+00,2024-07-30 00:00:00+00,ON SALE
PK23814778 BLACK WHITE,OUT OF STOCK,,"GABRIELA KNIT TOP
",,38,,2024-03-15 00:00:00+00,42ND WEEK,4,"{""S/M"":2,""L/XL"":2}",PRIMROSE,KNITWEAR,,,,2024-03-25 00:00:00+00,2024-07-30 00:00:00+00,ON SALE
BK24011025 NAVY,OUT OF STOCK,,MULLEN CARDIGAN,,22,,2024-03-15 00:00:00+00,42ND WEEK,4,"{""S/M"":2,""L/XL"":2}",BOHO,KNITWEAR,,,,2024-03-25 00:00:00+00,2024-07-30 00:00:00+00,ON SALE
BK24011025 BROWN,OUT OF STOCK,,MULLEN CARDIGAN,,22,,2024-03-15 00:00:00+00,42ND WEEK,4,"{""S/M"":2,""L/XL"":2}",BOHO,KNITWEAR,,,,2024-03-25 00:00:00+00,2024-07-30 00:00:00+00,ON SALE
BK24009023 RED,OUT OF STOCK,,EVERETT CARDIGAN,,22,,2024-03-15 00:00:00+00,42ND WEEK,4,"{""S/M"":2,""L/XL"":2}",BOHO,KNITWEAR,,,,2024-03-25 00:00:00+00,2024-07-30 00:00:00+00,ON SALE
BK24009023 PINK,OUT OF STOCK,,EVERETT CARDIGAN,,22,,2024-03-15 00:00:00+00,42ND WEEK,4,"{""S/M"":2,""L/XL"":2}",BOHO,KNITWEAR,,,,2024-03-25 00:00:00+00,2024-07-30 00:00:00+00,ON SALE
BK24009023 GREEN,OUT OF STOCK,,EVERETT CARDIGAN,,22,,2024-03-15 00:00:00+00,42ND WEEK,4,"{""S/M"":2,""L/XL"":2}",BOHO,KNITWEAR,,,,2024-03-25 00:00:00+00,2024-07-30 00:00:00+00,ON SALE
BK24008022 NAVY,OUT OF STOCK,,SIDNEY CARDIGAN,,22,,2024-03-15 00:00:00+00,42ND WEEK,4,"{""S/M"":2,""L/XL"":2}",BOHO,KNITWEAR,,,,2024-03-25 00:00:00+00,2024-07-30 00:00:00+00,ON SALE
BK24007021 PINK,OUT OF STOCK,,MORALES CARDIGAN,,22,,2024-03-15 00:00:00+00,42ND WEEK,4,"{""S/M"":2,""L/XL"":2}",BOHO,KNITWEAR,,,,2024-03-25 00:00:00+00,2024-07-30 00:00:00+00,ON SALE
BK24007021 NAVY,OUT OF STOCK,,MORALES CARDIGAN,,22,,2024-03-15 00:00:00+00,42ND WEEK,4,"{""S/M"":2,""L/XL"":2}",BOHO,KNITWEAR,,,,2024-03-25 00:00:00+00,2024-07-30 00:00:00+00,ON SALE
BK24006020 PINK,OUT OF STOCK,,ANE KNIT TOP,,22,,2024-03-15 00:00:00+00,42ND WEEK,4,"{""S/M"":2,""L/XL"":2}",BOHO,KNITWEAR,,,,2024-03-25 00:00:00+00,2024-07-30 00:00:00+00,ON SALE
BK24006020 COFFEE,OUT OF STOCK,,ANE KNIT TOP,,22,,2024-03-15 00:00:00+00,42ND WEEK,4,"{""S/M"":2,""L/XL"":2}",BOHO,KNITWEAR,,,,2024-03-25 00:00:00+00,2024-07-30 00:00:00+00,ON SALE
BK24005019 GREY,OUT OF STOCK,,KELSEY CARDIGAN (REPEAT-NEW COLOUR-SOLD),,22,,2024-03-15 00:00:00+00,42ND WEEK,4,"{""S/M"":2,""L/XL"":2}",BOHO,KNITWEAR,,,,2024-05-15 00:00:00+00,2024-07-30 00:00:00+00,ON SALE
BK24004018 A3,OUT OF STOCK,,FIADH KNIT TOP (REPEAT-SOLD),,39,,2024-03-15 00:00:00+00,42ND WEEK,4,"{""S/M"":2,""L/XL"":2}",BOHO,KNITWEAR,,,,2024-05-15 00:00:00+00,2024-07-30 00:00:00+00,ON SALE
BK24004018 A1,OUT OF STOCK,,FIADH KNIT TOP (REPEAT-SOLD),,39,,2024-03-15 00:00:00+00,42ND WEEK,4,"{""S/M"":2,""L/XL"":2}",BOHO,KNITWEAR,,,,2024-05-15 00:00:00+00,2024-07-30 00:00:00+00,ON SALE
BK23819776 OAT BLACK,OUT OF STOCK,,PETTY CARDIGAN,,39,,2024-03-15 00:00:00+00,42ND WEEK,4,"{""S/M"":2,""L/XL"":2}",BOHO,KNITWEAR,,,,2024-03-25 00:00:00+00,2024-07-30 00:00:00+00,ON SALE
BK23819776 BLACK WHITE,OUT OF STOCK,,PETTY CARDIGAN,,39,,2024-03-15 00:00:00+00,42ND WEEK,4,"{""S/M"":2,""L/XL"":2}",BOHO,KNITWEAR,,,,2024-03-25 00:00:00+00,2024-07-30 00:00:00+00,ON SALE
BK23800760 WHITE,OUT OF STOCK,,MELVIN CARDIGAN,,23,,2024-03-15 00:00:00+00,42ND WEEK,4,"{""S/M"":2,""M/L"":2}",BOHO,KNITWEAR,,,,2024-03-25 00:00:00+00,2024-07-30 00:00:00+00,ON SALE
BK23800760 STEEL,OUT OF STOCK,,MELVIN CARDIGAN,,23,,2024-03-15 00:00:00+00,42ND WEEK,4,"{""S/M"":2,""M/L"":2}",BOHO,KNITWEAR,,,,2024-03-25 00:00:00+00,2024-07-30 00:00:00+00,ON SALE
BK23800760 GREY,OUT OF STOCK,,MELVIN CARDIGAN,,23,,2024-03-15 00:00:00+00,42ND WEEK,4,"{""S/M"":2,""M/L"":2}",BOHO,KNITWEAR,,,,2024-03-25 00:00:00+00,2024-07-30 00:00:00+00,ON SALE
BK23800760 GREEN,OUT OF STOCK,,MELVIN CARDIGAN,,23,,2024-03-15 00:00:00+00,42ND WEEK,4,"{""S/M"":2,""M/L"":2}",BOHO,KNITWEAR,,,,2024-03-25 00:00:00+00,2024-07-30 00:00:00+00,ON SALE
BK23800760 BLACK,OUT OF STOCK,,MELVIN CARDIGAN,,23,,2024-03-15 00:00:00+00,42ND WEEK,4,"{""S/M"":2,""M/L"":2}",BOHO,KNITWEAR,,,,2024-03-25 00:00:00+00,2024-07-30 00:00:00+00,ON SALE
BK23799759 TAUPE,OUT OF STOCK,,LLOYD CARDIGAN,,21,,2024-03-15 00:00:00+00,42ND WEEK,4,"{""S/M"":2,""M/L"":2}",BOHO,KNITWEAR,,,,2024-03-25 00:00:00+00,2024-07-30 00:00:00+00,ON SALE
BK23799759 SAGE,OUT OF STOCK,,LLOYD CARDIGAN,,24,,2024-03-15 00:00:00+00,42ND WEEK,4,"{""S/M"":2,""M/L"":2}",BOHO,KNITWEAR,,,,2024-03-25 00:00:00+00,2024-07-30 00:00:00+00,ON SALE
BK23799759 NAVY,OUT OF STOCK,,LLOYD CARDIGAN,,23,,2024-03-15 00:00:00+00,42ND WEEK,4,"{""S/M"":2,""M/L"":2}",BOHO,KNITWEAR,,,,2024-03-25 00:00:00+00,2024-07-30 00:00:00+00,ON SALE
BK23799759 BLACK,OUT OF STOCK,,LLOYD CARDIGAN,,22,,2024-03-15 00:00:00+00,42ND WEEK,4,"{""S/M"":2,""M/L"":2}",BOHO,KNITWEAR,,,,2024-03-25 00:00:00+00,2024-07-30 00:00:00+00,ON SALE
BK23792710 TAUPE,OUT OF STOCK,,FIA CARDIGAN,,26,,2024-03-15 00:00:00+00,42ND WEEK,4,"{""S/M"":2,""M/L"":2}",BOHO,KNITWEAR,,,,2024-03-25 00:00:00+00,2024-07-30 00:00:00+00,ON SALE
BK23792710 GREEN,OUT OF STOCK,,FIA CARDIGAN,,26,,2024-03-15 00:00:00+00,42ND WEEK,4,"{""S/M"":2,""M/L"":2}",BOHO,KNITWEAR,,,,2024-03-25 00:00:00+00,2024-07-30 00:00:00+00,ON SALE
BK23792710 BLACK,OUT OF STOCK,,FIA CARDIGAN,,25,,2024-03-15 00:00:00+00,42ND WEEK,4,"{""S/M"":2,""M/L"":2}",BOHO,KNITWEAR,,,,2024-03-25 00:00:00+00,2024-07-30 00:00:00+00,ON SALE
BK23791709 CREAM,OUT OF STOCK,,ROBYN CARDIGAN,,32,,2024-03-15 00:00:00+00,42ND WEEK,4,"{""S/M"":2,""M/L"":2}",BOHO,KNITWEAR,,,,2024-03-25 00:00:00+00,2024-07-30 00:00:00+00,ON SALE
BK23791709 BLACK,OUT OF STOCK,,ROBYN CARDIGAN,,20,,2024-03-15 00:00:00+00,42ND WEEK,4,"{""S/M"":2,""M/L"":2}",BOHO,KNITWEAR,,,,2024-03-25 00:00:00+00,2024-07-30 00:00:00+00,ON SALE
BK23790708 MAGENTA,OUT OF STOCK,,ROSARIO CARDIGAN,,23,,2024-03-15 00:00:00+00,42ND WEEK,4,"{""S/M"":2,""M/L"":2}",BOHO,KNITWEAR,,,,2024-03-25 00:00:00+00,2024-07-30 00:00:00+00,ON SALE
BK23790708 CREAM,OUT OF STOCK,,ROSARIO CARDIGAN,,23,,2024-03-15 00:00:00+00,42ND WEEK,4,"{""S/M"":2,""M/L"":2}",BOHO,KNITWEAR,,,,2024-03-25 00:00:00+00,2024-07-30 00:00:00+00,ON SALE
BK23790708 CLAY,OUT OF STOCK,,ROSARIO CARDIGAN,,23,,2024-03-15 00:00:00+00,42ND WEEK,4,"{""S/M"":2,""M/L"":2}",BOHO,KNITWEAR,,,,2024-03-25 00:00:00+00,2024-07-30 00:00:00+00,ON SALE
BK23790708 BLACK,OUT OF STOCK,,ROSARIO CARDIGAN,,27,,2024-03-15 00:00:00+00,42ND WEEK,4,"{""S/M"":2,""M/L"":2}",BOHO,KNITWEAR,,,,2024-03-25 00:00:00+00,2024-07-30 00:00:00+00,ON SALE
BK24006020 NAVY,NOT RELEASE,,ANE KNIT TOP,,22,,2024-03-15 00:00:00+00,42ND WEEK,4,"{""S/M"":2,""L/XL"":2}",BOHO,KNITWEAR,,,,2024-03-25 00:00:00+00,2024-07-30 00:00:00+00,ON SALE
BK24012026 PINK,OUT OF STOCK,,CAREY CARDIGAN (REPEAT-SOLD),,38,,2024-03-15 00:00:00+00,42ND WEEK,4,"{""S/M"":2,""L/XL"":2}",BOHO,KNITWEAR,,,,2024-03-25 00:00:00+00,2024-04-16 00:00:00+00,FULL PRICE
BK24012026 OAT,OUT OF STOCK,,HIBISCUS HUES SHORT DRESS (REPEAT-SOLD),,39,,2024-03-15 00:00:00+00,42ND WEEK,4,"{""S/M"":2,""L/XL"":2}",BOHO,DRESS,,,,2024-03-25 00:00:00+00,2024-04-16 00:00:00+00,FULL PRICE
BK24012026 GREY,OUT OF STOCK,,CAREY CARDIGAN (REPEAT-SOLD),,38,,2024-03-15 00:00:00+00,42ND WEEK,4,"{""S/M"":2,""L/XL"":2}",BOHO,KNITWEAR,,,,2024-03-25 00:00:00+00,2024-04-16 00:00:00+00,FULL PRICE
BK24010024 PINK,OUT OF STOCK,,BRITTNEY CARDIGAN,,22,,2024-03-15 00:00:00+00,42ND WEEK,4,"{""S/M"":2,""L/XL"":2}",BOHO,KNITWEAR,,,,2024-03-25 00:00:00+00,2024-04-16 00:00:00+00,FULL PRICE
BK24010024 BLACK,OUT OF STOCK,,BRITTNEY CARDIGAN,,22,,2024-03-15 00:00:00+00,42ND WEEK,4,"{""S/M"":2,""L/XL"":2}",BOHO,KNITWEAR,,,,2024-03-25 00:00:00+00,2024-04-16 00:00:00+00,FULL PRICE
BK24005019 SAGE,OUT OF STOCK,,KELSEY CARDIGAN (REPEAT-SOLD),,22,,2024-03-15 00:00:00+00,42ND WEEK,4,"{""S/M"":2,""L/XL"":2}",BOHO,KNITWEAR,,,,2024-05-15 00:00:00+00,2024-04-16 00:00:00+00,FULL PRICE
BK24005019 PINK,OUT OF STOCK,,KELSEY CARDIGAN (REPEAT-SOLD),,22,,2024-03-15 00:00:00+00,42ND WEEK,4,"{""S/M"":2,""L/XL"":2}",BOHO,KNITWEAR,,,,2024-03-25 00:00:00+00,2024-04-16 00:00:00+00,FULL PRICE
BK24005019 OAT,OUT OF STOCK,,KELSEY CARDIGAN (REPEAT-SOLD),,22,,2024-03-15 00:00:00+00,42ND WEEK,4,"{""S/M"":2,""L/XL"":2}",BOHO,KNITWEAR,,,,2024-05-15 00:00:00+00,2024-04-16 00:00:00+00,FULL PRICE
P23742677,OUT OF STOCK,,KENYA DRESS,A12,19,,2024-01-24 00:00:00+00,50TH WEEK,7,"{ ""8"": 1, ""10"": 2, ""12"": 2, ""14"": 1, ""16"": 1 }",PRIMROSE,DRESS,,,,2024-01-10 00:00:00+00,2024-12-08 00:00:00+00,ON SALE
C23178550,ON SALE,,ROXIE KIMONO,R11,,19,2024-01-02 00:00:00+00,53RD WEEK,6,"{""S/M"":3,""M/L"":3}",BOHO,KIMONO,,,,2023-12-05 00:00:00+00,,
P23811775,ON SALE,,DALTON DRESS,A21,18,11,2023-11-15 00:00:00+00,60TH WEEK,7,"{ ""8"": 1, ""10"": 2, ""12"": 2, ""14"": 1, ""16"": 1 }",PRIMROSE,DRESS,,,,2023-11-01 00:00:00+00,,
P23430430,ON SALE,,KATIE DRESS,A44,,3,2023-09-15 00:00:00+00,68TH WEEK,7,"{ ""8"": 1, ""10"": 2, ""12"": 2, ""14"": 1, ""16"": 1 }",PRIMROSE,DRESS,,,,2023-09-15 00:00:00+00,,
P23713449,ON SALE,,FELLIE SHORTS,A33,,9,2023-09-15 00:00:00+00,68TH WEEK,7,"{ ""8"": 1, ""10"": 2, ""12"": 2, ""14"": 1, ""16"": 1 }",BOHO,PANT,,,,2023-09-01 00:00:00+00,,
P23638438,ON SALE,,LEIGHTON DRESS,A21,,9,2023-09-15 00:00:00+00,68TH WEEK,7,"{ ""8"": 1, ""10"": 2, ""12"": 2, ""14"": 1, ""16"": 1 }",PRIMROSE,DRESS,,,,2023-09-01 00:00:00+00,,
P23355312,ON SALE,,MARY DRESS,A42,,3,2023-08-07 00:00:00+00,74TH WEEK,7,"{ ""8"": 1, ""10"": 2, ""12"": 2, ""14"": 1, ""16"": 1 }",PRIMROSE,DRESS,,,,2023-07-20 00:00:00+00,,
P22415530,ON SALE,,MYA TOP,A41,,10,2023-01-09 00:00:00+00,104TH WEEK,7,"{ ""8"": 1, ""10"": 2, ""12"": 2, ""14"": 1, ""16"": 1 }",BOHO,TOP,,,,2022-12-10 00:00:00+00,,
BS019680 MAGENTA,FULL PRICE,,FAVEN DRAPE TOP,S31,,60,2023-01-01 00:00:00+00,105TH WEEK,5,"{""ONE SIZE"":5}",BOHO,TOP,,,,2023-01-01 00:00:00+00,,
BS019680 LEMON,FULL PRICE,,FAVEN DRAPE TOP,S23,,20,2023-01-01 00:00:00+00,105TH WEEK,5,"{""ONE SIZE"":5}",BOHO,TOP,,,,2023-01-01 00:00:00+00,,
BS019680 PINK,FULL PRICE,,FAVEN DRAPE TOP,S21,,49,2023-01-01 00:00:00+00,105TH WEEK,5,"{""ONE SIZE"":5}",BOHO,TOP,,,,2023-01-01 00:00:00+00,,
BS019680 WHITE,FULL PRICE,,FAVEN DRAPE TOP,"S14,S24",,399,2023-01-01 00:00:00+00,105TH WEEK,5,"{""ONE SIZE"":5}",BOHO,TOP,,,,2023-01-01 00:00:00+00,,
BS019680 BLACK,FULL PRICE,,FAVEN DRAPE TOP,"S11,S11 BESIDE",,249,2023-01-01 00:00:00+00,105TH WEEK,5,"{""ONE SIZE"":5}",BOHO,TOP,,,,2023-01-01 00:00:00+00,,
C089633 DUSTY PINK,FULL PRICE,,JANE SCOOP TOP,R24,,9,2023-01-01 00:00:00+00,105TH WEEK,6,"{""S"":2,""M"":2,""L"":2}",BOHO,TOP,,,,2023-01-01 00:00:00+00,,
C089633 CHARCOAL,FULL PRICE,,JANE SCOOP TOP,R24,,22,2023-01-01 00:00:00+00,105TH WEEK,6,"{""S"":2,""M"":2,""L"":2}",BOHO,TOP,,,,2023-01-01 00:00:00+00,,
C089633 RUST,FULL PRICE,,JANE SCOOP TOP,R23,,16,2023-01-01 00:00:00+00,105TH WEEK,6,"{""S"":2,""M"":2,""L"":2}",BOHO,TOP,,,,2023-01-01 00:00:00+00,,
C019583 NAVY,NOT RELEASE,,ZARA KIMONO,R14,,264,2023-01-01 00:00:00+00,105TH WEEK,6,"{""S/M"":3,""M/L"":3}",BOHO,KIMONO,,,,2023-01-01 00:00:00+00,,
C089149 ROSETTE,FULL PRICE,,DRAPE TOP,N41,,80,2023-01-01 00:00:00+00,105TH WEEK,5,"{""ONE SIZE"":5}",BOHO,TOP,,,,2023-01-01 00:00:00+00,,
C089149 CHARCOAL,FULL PRICE,,DRAPE TOP,"N21, N12 FRONT",,250,2023-01-01 00:00:00+00,105TH WEEK,5,"{""ONE SIZE"":5}",BOHO,TOP,,,,2023-01-01 00:00:00+00,,
C089149 EMERALD,FULL PRICE,,DRAPE TOP,N14,,47,2023-01-01 00:00:00+00,105TH WEEK,5,"{""ONE SIZE"":5}",BOHO,TOP,,,,2023-01-01 00:00:00+00,,
C089149 DUSTY PINK,FULL PRICE,,DRAPE TOP,N11,,89,2023-01-01 00:00:00+00,105TH WEEK,5,"{""ONE SIZE"":5}",BOHO,TOP,,,,2023-01-01 00:00:00+00,,
C089149 PINK,FULL PRICE,,DRAPE TOP,M31,,16,2023-01-01 00:00:00+00,105TH WEEK,5,"{""ONE SIZE"":5}",BOHO,TOP,,,,2023-01-01 00:00:00+00,,
C089149 KHAKI,FULL PRICE,,DRAPE TOP,"M11, M21",,197,2023-01-01 00:00:00+00,105TH WEEK,5,"{""ONE SIZE"":5}",BOHO,TOP,,,,2023-01-01 00:00:00+00,,
C089149 MAUVE,FULL PRICE,,DRAPE TOP,"L34,L44",,80,2023-01-01 00:00:00+00,105TH WEEK,5,"{""ONE SIZE"":5}",BOHO,TOP,,,,2023-01-01 00:00:00+00,,
C089149 RUST,FULL PRICE,,DRAPE TOP,"L33,L42",,21,2023-01-01 00:00:00+00,105TH WEEK,5,"{""ONE SIZE"":5}",BOHO,TOP,,,,2023-01-01 00:00:00+00,,
C089149 BLUSH,FULL PRICE,,DRAPE TOP,L21,,77,2023-01-01 00:00:00+00,105TH WEEK,5,"{""ONE SIZE"":5}",BOHO,TOP,,,,2023-01-01 00:00:00+00,,
C089149 PLUM,FULL PRICE,,DRAPE TOP,"L14,L24",,149,2023-01-01 00:00:00+00,105TH WEEK,5,"{""ONE SIZE"":5}",BOHO,TOP,,,,2023-01-01 00:00:00+00,,
C089149 WHITE,FULL PRICE,,DRAPE TOP,"L11,L13 FRONT",,98,2023-01-01 00:00:00+00,105TH WEEK,5,"{""ONE SIZE"":5}",BOHO,TOP,,,,2023-01-01 00:00:00+00,,
C089149 FUSCHIA,FULL PRICE,,DRAPE TOP,M32,31,30,2024-12-30 00:00:00+00,1ST WEEK,5,"{""ONE SIZE"":5}",BOHO,TOP,,2024-12-20 00:00:00+00,AIR,2024-12-30 00:00:00+00,,
C24816150 BLACK,NOT RELEASE,,OSBORN MIDI DRESS,Q13,29,9,,,7,"{""S"":2,""M"":2,""L"":2,""XL"":1}",BOHO,DRESS,,,,2024-06-19 00:00:00+00,,
C24816150 NAVY,NOT RELEASE,,OSBORN MIDI DRESS,Q11,29,20,,,7,"{""S"":2,""M"":2,""L"":2,""XL"":1}",BOHO,DRESS,,,,2024-06-12 00:00:00+00,,
C23779769,NOT RELEASE,,RAVI DRESS (REPEAT),P31,35,15,,,7,"{""S"":2,""M"":2,""L"":2,""XL"":1}",BOHO,DRESS,,,,2024-03-20 00:00:00+00,,
C24635110 KHAKI,NOT RELEASE,,TRENCH COAT,P12,26,12,,,6,"{""S/M"":2,""M/L"":2,""L/XL"":2}",BOHO,COAT,,,,2024-05-15 00:00:00+00,,
C24635110 NEUTRAL,NOT RELEASE,,TRENCH COAT,P11,27,22,,,6,"{""S/M"":2,""M/L"":2,""L/XL"":2}",BOHO,COAT,,,,2024-05-15 00:00:00+00,,
C24157610,NOT RELEASE,,,O21,25,20.5,,,8,"{""S"":2,""M"":2,""L"":2,""XL"":2}",BOHO,DRESS,,,,2024-10-18 00:00:00+00,,
C24815190 PINK,NOT RELEASE,,CAMMIE BLAZER,O13,15,3,,,6,"{""S/M"":2,""M/L"":2,""L/XL"":2}",BOHO,COAT,,,,2024-05-29 00:00:00+00,,
C24815190 CHARCOAL,NOT RELEASE,,CAMMIE BLAZER,O12,15,9,,,6,"{""S/M"":2,""M/L"":2,""L/XL"":2}",BOHO,COAT,,,,2024-05-29 00:00:00+00,,
C24039379,NOT RELEASE,,EVEREST DRESS,I31,35,18,,,8,"{""S"":2,""M"":2,""L"":2,""XL"":2}",BOHO,DRESS,,,,2024-06-19 00:00:00+00,,
C24125381,NOT RELEASE,,,H14,26,26,,,8,"{""S"":2,""M"":2,""L"":2,""XL"":2}",BOHO,DRESS,,,,2024-07-04 00:00:00+00,,
BK24015028 WHITE,NOT RELEASE,,DANYAL TOP KNIT (REPEAT),G11 BESIDE,357,130,,,4,"{""S/M"":2,""L/XL"":2}",BOHO,KNITWEAR,,,,2024-05-10 00:00:00+00,,
BK24065029 ORANGE,NOT RELEASE,,MILLS KNIT TOP (REPEAT),F42,100,12,,,4,"{""S/M"":2,""L/XL"":2}",BOHO,KNITWEAR,,,,2024-03-27 00:00:00+00,,
BK24011025 GREEN,NOT RELEASE,,MULLEN CARDIGAN,F41,25,5,,,4,"{""S/M"":2,""L/XL"":2}",BOHO,KNITWEAR,,,,2024-02-28 00:00:00+00,,
BK24104214 NAVY,NOT RELEASE,,CERES KNIT TOP,E42,39,3,,,4,"{""S/M"":2,""L/XL"":2}",BOHO,KNITWEAR,,,,2024-05-29 00:00:00+00,,
BK24004018 PARIS,NOT RELEASE,,FIADH KNIT TOP (REPEAT-NEW COLOUR),E34,43,20,,,4,"{""S/M"":2,""L/XL"":2}",BOHO,KNITWEAR,,,,2024-05-15 00:00:00+00,,
BK24004018 A2,NOT RELEASE,,FIADH KNIT TOP (REPEAT),E33,83,16,,,4,"{""S/M"":2,""L/XL"":2}",BOHO,KNITWEAR,,,,2024-05-15 00:00:00+00,,
BK24004018 MILAN,NOT RELEASE,,FIADH KNIT TOP (REPEAT-NEW COLOUR),E33,43,21,,,4,"{""S/M"":2,""L/XL"":2}",BOHO,KNITWEAR,,,,2024-05-15 00:00:00+00,,
K1606 CHARCOAL,NOT RELEASE,,BRAXTON SWEATER,E32,,30,,,4,"{""ONE SIZE"":4}",BOHO,KNITWEAR,,,,2023-01-01 00:00:00+00,,
BK24008022 SAGE,NOT RELEASE,,SIDNEY CARDIGAN,E24,24,6,,,4,"{""S/M"":2,""L/XL"":2}",BOHO,KNITWEAR,,,,2024-02-28 00:00:00+00,,
BK24008022 CAMEL,NOT RELEASE,,SIDNEY CARDIGAN,E23,24,8,,,4,"{""S/M"":2,""L/XL"":2}",BOHO,KNITWEAR,,,,2024-02-28 00:00:00+00,,
BK23782777 GREY/BLACK,NOT RELEASE,,MILO MIDI CARDIGAN,E14,43,4,,,4,"{""ONE SIZE"":4}",BOHO,KNITWEAR,,,,2024-02-28 00:00:00+00,,
BK23782777 CAMEL/BLACK,NOT RELEASE,,MILO MIDI CARDIGAN,E13,42,12,,,4,"{""ONE SIZE"":4}",BOHO,KNITWEAR,,,,2024-02-28 00:00:00+00,,
K1606 RUST,NOT RELEASE,,BRAXTON SWEATER,"E11,E21",,80,,,4,"{""ONE SIZE"":4}",BOHO,KNITWEAR,,,,2023-01-01 00:00:00+00,,
C24801166 IT GRAY,NOT RELEASE,,SALLIE SHIRT COAT,E11,25,5,,,4,"{""S/M"":2,""M/L"":2}",BOHO,COAT,,,,2024-06-12 00:00:00+00,,
K1606 DUSTY PINK,NOT RELEASE,,BRAXTON SWEATER,"D34,D44,E41",,70,,,4,"{""ONE SIZE"":4}",BOHO,KNITWEAR,,,,2023-01-01 00:00:00+00,,
K1606 STAWBERRY,NOT RELEASE,,BRAXTON SWEATER,D31,,30,,,4,"{""ONE SIZE"":4}",BOHO,KNITWEAR,,,,2023-01-01 00:00:00+00,,
K1606 TEAL,NOT RELEASE,,BRAXTON SWEATER,"D14,D24",,40,,,4,"{""ONE SIZE"":4}",BOHO,KNITWEAR,,,,2023-01-01 00:00:00+00,,
BK24102209 SAGE,NOT RELEASE,,ACACIA CARDIGAN,D14 OPPOSITE,38,15,,,4,"{""S/M"":2,""L/XL"":2}",BOHO,KNITWEAR,,,,2024-05-15 00:00:00+00,,
BK24102209 OAT,NOT RELEASE,,ACACIA CARDIGAN,D14 OPPOSITE,38,20,,,4,"{""S/M"":2,""L/XL"":2}",BOHO,KNITWEAR,,,,2024-05-15 00:00:00+00,,
K1606 BURGUNDY,NOT RELEASE,,BRAXTON SWEATER,"D13,D22,D41",,130,,,4,"{""ONE SIZE"":4}",BOHO,KNITWEAR,,,,2023-01-01 00:00:00+00,,
BK24057095 PINK/NAVY,NOT RELEASE,,ELANORA CARDIGAN,D13 OPPOSITE,40,9,,,4,"{""S/M"":2,""L/XL"":2}",BOHO,KNITWEAR,,,,2024-05-10 00:00:00+00,,
BK24057095 KHAKI/BLACK,NOT RELEASE,,ELANORA CARDIGAN,D13 OPPOSITE,41,30,,,4,"{""S/M"":2,""L/XL"":2}",BOHO,KNITWEAR,,,,2024-05-10 00:00:00+00,,
BK24059097 MOTTLE,NOT RELEASE,,DANICA CARDIGAN,D12 OPPOSITE,39,10,,,4,"{""S/M"":2,""L/XL"":2}",BOHO,KNITWEAR,,,,2024-05-10 00:00:00+00,,
BK24059097 STAR,NOT RELEASE,,DANICA CARDIGAN,D12 OPPOSITE,38,11,,,4,"{""S/M"":2,""L/XL"":2}",BOHO,KNITWEAR,,,,2024-05-10 00:00:00+00,,
K1606 GREY,NOT RELEASE,,BRAXTON SWEATER,"D11,D21",,60,,,4,"{""ONE SIZE"":4}",BOHO,KNITWEAR,,,,2023-01-01 00:00:00+00,,
C23535152 BROWN,NOT RELEASE,,ANNIE COAT,D11 OPPOSITE,,4,,,4,"{""S"":1,""M"":2,""L"":1}",BOHO,COAT,,,,2023-01-01 00:00:00+00,,
C23535152 NAVY,NOT RELEASE,,ANNIE COAT (REPEAT),D11 OPPOSITE,,6,,,4,"{""S"":1,""M"":2,""L"":1}",BOHO,COAT,,,,2023-01-01 00:00:00+00,,
C23535152 ROSE,NOT RELEASE,,ANNIE COAT (REPEAT),D11 OPPOSITE,,15,,,4,"{""S"":1,""M"":2,""L"":1}",BOHO,COAT,,,,2023-01-01 00:00:00+00,,
BK24058096 PINK,NOT RELEASE,,JEDDA CARDIGAN,D11 BESIDE,40,20,,,4,"{""S/M"":2,""L/XL"":2}",BOHO,KNITWEAR,,,,2024-05-10 00:00:00+00,,
BK24058096 BLACK,NOT RELEASE,,JEDDA CARDIGAN,D11 BESIDE,38,20,,,4,"{""S/M"":2,""L/XL"":2}",BOHO,KNITWEAR,,,,2024-05-10 00:00:00+00,,
BK24015028 BLACK,NOT RELEASE,,DANYAL TOP KNIT (REPEAT),D11 BESIDE,380,200,,,4,"{""S/M"":2,""L/XL"":2}",BOHO,KNITWEAR,,,,2024-05-10 00:00:00+00,,
PK24003017 GREEN,NOT RELEASE,,MULTI DAISY KNIT,"B22,B33",60,36,,,4,"{""S/M"":2,""M/L"":2}",PRIMROSE,KNITWEAR,,,,2024-04-12 00:00:00+00,,
PK24003017 BLUE,NOT RELEASE,,MULTI DAISY KNIT,"B21,B31",60,27,,,4,"{""S/M"":2,""M/L"":2}",PRIMROSE,KNITWEAR,,,,2024-04-12 00:00:00+00,,
PK24003017 PINK,NOT RELEASE,,MULTI DAISY KNIT,"B13,B23,B34",60,40,,,4,"{""S/M"":2,""M/L"":2}",PRIMROSE,KNITWEAR,,,,2024-04-12 00:00:00+00,,
P24259815,NOT RELEASE,,,C23,13,11,,,7,"{ ""8"": 1, ""10"": 2, ""12"": 2, ""14"": 1, ""16"": 1 }",PRIMROSE,DRESS,,,,2024-12-11 00:00:00+00,,
P24171691,NOT RELEASE,,,C34,12,12,,,8,"{""S"":2,""M"":2,""L"":2,""XL"":2}",PRIMROSE,DRESS,,,,2024-12-11 00:00:00+00,,
P24109794,NOT RELEASE,,,A23,13,12,,,7,"{ ""8"": 1, ""10"": 2, ""12"": 2, ""14"": 1, ""16"": 1 }",PRIMROSE,DRESS,,,,2024-12-11 00:00:00+00,,
C24271779 BLACK,NOT RELEASE,,,F13,17,17,,,8,"{""S"":2,""M"":2,""L"":2,""XL"":2}",BOHO,PANT,,,,2024-12-11 00:00:00+00,,
SS24304632,ON HOLD,SHE STREET,,,,,,,1,,ODM,DRESS,,2024-11-29 00:00:00+00,AIR,2024-11-06 00:00:00+00,,
SS24024631,ON HOLD,SHE STREET,,,,,,,1,,ODM,DRESS,,2024-12-06 00:00:00+00,AIR,2024-12-11 00:00:00+00,,
VA24105555,ON HOLD,VINE APPAREL,,,,,,,1,,ODM,DRESS,,2024-09-27 00:00:00+00,AIR,2024-10-04 00:00:00+00,,
VA24105553,ON HOLD,VINE APPAREL,,,,,,,1,,ODM,DRESS,,2024-09-24 00:00:00+00,SEA,2024-10-23 00:00:00+00,,
OS24124787,DISPATCHED,ORANGE SHERBET,,,,,,,1,,ODM,DRESS,PO4472,2024-11-29 00:00:00+00,AIR,2024-12-05 00:00:00+00,,
OS24124786,DISPATCHED,ORANGE SHERBET,,,,,,,1,,ODM,DRESS,PO4472,2024-11-29 00:00:00+00,AIR,2024-12-05 00:00:00+00,,
OS24124410,DISPATCHED,ORANGE SHERBET,,,,,,,1,,ODM,DRESS,PO4472,2024-11-29 00:00:00+00,AIR,2024-12-05 00:00:00+00,,
OS24124046,DISPATCHED,ORANGE SHERBET,,,,,,,1,,ODM,DRESS,PO4472,2024-11-29 00:00:00+00,AIR,2024-12-05 00:00:00+00,,
OS23124734,DISPATCHED,ORANGE SHERBET,,,,,,,1,,ODM,DRESS,PO4472,2024-11-29 00:00:00+00,AIR,2024-12-05 00:00:00+00,,
OS22124227,DISPATCHED,ORANGE SHERBET,,,,,,,1,,ODM,DRESS,PO4472,2024-11-29 00:00:00+00,AIR,2024-12-05 00:00:00+00,,
SS24705761,DISPATCHED,SHE STREET,,,,,,,1,,ODM,DRESS,,2024-12-06 00:00:00+00,AIR,2024-12-11 00:00:00+00,,
SS24705758,DISPATCHED,SHE STREET,,,,,,,1,,ODM,DRESS,,2024-12-06 00:00:00+00,AIR,2024-12-11 00:00:00+00,,
SS24705755,DISPATCHED,SHE STREET,,,,,,,1,,ODM,DRESS,,2024-12-06 00:00:00+00,AIR,2024-12-11 00:00:00+00,,
SS24155763,DISPATCHED,SHE STREET,,,,,,,1,,ODM,DRESS,,2024-12-06 00:00:00+00,AIR,2024-12-11 00:00:00+00,,
SS24155760,DISPATCHED,SHE STREET,,,,,,,1,,ODM,DRESS,,2024-12-06 00:00:00+00,AIR,2024-12-11 00:00:00+00,,
SS24155757,DISPATCHED,SHE STREET,,,,,,,1,,ODM,DRESS,,2024-12-06 00:00:00+00,AIR,2024-12-11 00:00:00+00,,
SS24124762,DISPATCHED,SHE STREET,,,,,,,1,,ODM,DRESS,,2024-12-06 00:00:00+00,AIR,2024-12-11 00:00:00+00,,
SS24124759,DISPATCHED,SHE STREET,,,,,,,1,,ODM,DRESS,,2024-12-06 00:00:00+00,AIR,2024-12-11 00:00:00+00,,
SS24124756,DISPATCHED,SHE STREET,,,,,,,1,,ODM,DRESS,,2024-12-06 00:00:00+00,AIR,2024-12-11 00:00:00+00,,
EC24735733,DISPATCHED,EVERGREEN,,,,,,,1,,ODM,DRESS,,2024-12-06 00:00:00+00,AIR,2024-12-11 00:00:00+00,,
SC24105657,DISPATCHED,SALTY CRUSH,,,,,,,1,,ODM,DRESS,,2024-11-01 00:00:00+00,AIR,2024-11-06 00:00:00+00,,
SC24105498,DISPATCHED,SALTY CRUSH,,,,,,,1,,ODM,DRESS,,2024-11-01 00:00:00+00,AIR,2024-11-06 00:00:00+00,,
SC24002712,DISPATCHED,SALTY CRUSH,,,,,,,1,,ODM,DRESS,,2024-11-01 00:00:00+00,AIR,2024-11-06 00:00:00+00,,
SC24105713,DISPATCHED,SALTY CRUSH,,,,,,,1,,ODM,DRESS,,2024-11-01 00:00:00+00,AIR,2024-11-06 00:00:00+00,,
SS24411719,DISPATCHED,SHE STREET,,,,,,,1,,ODM,DRESS,,2024-11-22 00:00:00+00,AIR,2024-11-20 00:00:00+00,,
SS24155728,DISPATCHED,SHE STREET,,,,,,,1,,ODM,DRESS,,2024-11-22 00:00:00+00,AIR,2024-11-20 00:00:00+00,,
SS24124727,DISPATCHED,SHE STREET,,,,,,,1,,ODM,DRESS,,2024-11-22 00:00:00+00,AIR,2024-11-20 00:00:00+00,,
C24105219 (SHE STREET),DISPATCHED,SHE STREET,,,,,,,1,,ODM,DRESS,,2024-11-22 00:00:00+00,AIR,2024-11-20 00:00:00+00,,
SC24002770,DISPATCHED,SALTY CRUSH,,,,,,,1,,ODM,DRESS,,2024-12-06 00:00:00+00,AIR,2024-12-11 00:00:00+00,,
SC24105768 06 DEC AIR,DISPATCHED,SALTY CRUSH,,,,,,,1,,ODM,DRESS,,2024-12-06 00:00:00+00,AIR,2024-12-11 00:00:00+00,,
SC24105768 29 NOV AIR,DISPATCHED,SALTY CRUSH,,,,,,,1,,ODM,DRESS,,2024-11-29 00:00:00+00,AIR,2024-12-05 00:00:00+00,,
C24105393 VINE APPAREL,DISPATCHED,VINE APPAREL,,,,,,,1,,ODM,DRESS,,2024-09-24 00:00:00+00,SEA,2024-09-29 00:00:00+00,,
C24105397 VINE APPAREL,DISPATCHED,VINE APPAREL,,,,,,,1,,ODM,DRESS,,2024-09-24 00:00:00+00,SEA,2024-09-29 00:00:00+00,,
C24105392 VINE APPAREL,DISPATCHED,VINE APPAREL,,,,,,,1,,ODM,DRESS,,2024-09-24 00:00:00+00,SEA,2024-09-29 00:00:00+00,,
C24105376 VINE APPAREL,DISPATCHED,VINE APPAREL,,,,,,,1,,ODM,DRESS,,2024-09-24 00:00:00+00,SEA,2024-09-29 00:00:00+00,,
VA24618524,DISPATCHED,VINE APPAREL,,,,,,,1,,ODM,DRESS,,2024-10-04 00:00:00+00,AIR,2024-10-09 00:00:00+00,,
SC24105767,DISPATCHED,SALTY CRUSH,,,,,,,1,,ODM,DRESS,,2024-11-29 00:00:00+00,AIR,2024-12-05 00:00:00+00,,
OS24761045,DISPATCHED,ORANGE SHERBET,,,,,,,1,,ODM,DRESS,,2024-09-14 00:00:00+00,SEA,2024-09-19 00:00:00+00,,
VA24124803,DISPATCHED,VINE APPAREL,,,,,,,1,,ODM,DRESS,,2024-12-06 00:00:00+00,AIR,2024-12-11 00:00:00+00,,
C24739078.NBO 06 DEC,DISPATCHED,VINE APPAREL,,,,,,,1,,ODM,DRESS,,2024-12-06 00:00:00+00,AIR,2024-12-11 00:00:00+00,,
C089149.BL,DISPATCHED,VINE APPAREL,,,,,,,1,,ODM,DRESS,,2024-11-22 00:00:00+00,AIR,2024-11-27 00:00:00+00,,
VA24618685,DISPATCHED,VINE APPAREL,,,,,,,1,,ODM,DRESS,,2024-11-15 00:00:00+00,AIR,2024-11-20 00:00:00+00,,
VA24105684,DISPATCHED,VINE APPAREL,,,,,,,1,,ODM,DRESS,,2024-11-15 00:00:00+00,AIR,2024-11-20 00:00:00+00,,
C23303502,DISPATCHED,ST FROCK,,,,,,,1,,ODM,DRESS,,2024-09-20 00:00:00+00,AIR,2024-09-25 00:00:00+00,,
SF24303553,DISPATCHED,ST FROCK,,,,,,,1,,ODM,DRESS,,2024-09-20 00:00:00+00,AIR,2024-09-25 00:00:00+00,,
SF24303554,DISPATCHED,ST FROCK,,,,,,,1,,ODM,DRESS,,2024-09-20 00:00:00+00,AIR,2024-09-25 00:00:00+00,,
C089149.LEO.OS,DISPATCHED,VINE APPAREL,,,,,,,1,,ODM,DRESS,,2024-10-22 00:00:00+00,SEA,2024-11-19 00:00:00+00,,
LSD24239633,DISPATCHED,LIFE STORY DESIGNS,,,,,,,1,,ODM,DRESS,,2024-11-22 00:00:00+00,AIR,2024-11-27 00:00:00+00,,
VA24618526,DISPATCHED,VINE APPAREL,,,,,,,1,,ODM,DRESS,,2024-10-22 00:00:00+00,SEA,2024-11-19 00:00:00+00,,
SC24739494,DISPATCHED,SALTY CRUSH,,,,,,,1,,ODM,DRESS,,2024-11-15 00:00:00+00,AIR,2024-11-20 00:00:00+00,,
VA24618523,DISPATCHED,VINE APPAREL,,,,,,,1,,ODM,DRESS,,2024-10-22 00:00:00+00,SEA,2024-11-19 00:00:00+00,,
VA24105219,DISPATCHED,VINE APPAREL,,,,,,,1,,ODM,DRESS,,2024-10-22 00:00:00+00,SEA,2024-11-19 00:00:00+00,,
VA24618525,DISPATCHED,VINE APPAREL,,,,,,,1,,ODM,DRESS,,2024-10-22 00:00:00+00,SEA,2024-11-19 00:00:00+00,,
VA24618552,DISPATCHED,VINE APPAREL,,,,,,,1,,ODM,DRESS,,2024-10-22 00:00:00+00,SEA,2024-11-19 00:00:00+00,,
TZ24002582,DISPATCHED,THINGZ,,,,,,,1,,ODM,DRESS,,2024-10-04 00:00:00+00,AIR,2024-10-09 00:00:00+00,,
TZ24002584,DISPATCHED,THINGZ,,,,,,,1,,ODM,DRESS,,2024-09-24 00:00:00+00,SEA,2024-09-29 00:00:00+00,,
TZ24177585,DISPATCHED,THINGZ,,,,,,,1,,ODM,DRESS,,2024-09-24 00:00:00+00,SEA,2024-09-29 00:00:00+00,,
TZ24177586,DISPATCHED,THINGZ,,,,,,,1,,ODM,DRESS,,2024-09-24 00:00:00+00,SEA,2024-09-29 00:00:00+00,,
TZ24117587,DISPATCHED,THINGZ,,,,,,,1,,ODM,DRESS,,2024-09-24 00:00:00+00,SEA,2024-09-29 00:00:00+00,,
TZ24117588,DISPATCHED,THINGZ,,,,,,,1,,ODM,DRESS,,2024-09-24 00:00:00+00,SEA,2024-09-29 00:00:00+00,,
TZ24313589,DISPATCHED,THINGZ,,,,,,,1,,ODM,DRESS,,2024-09-24 00:00:00+00,SEA,2024-09-29 00:00:00+00,,
TZ24313590,DISPATCHED,THINGZ,,,,,,,1,,ODM,DRESS,,2024-09-24 00:00:00+00,SEA,2024-09-29 00:00:00+00,,
TZ24239595,DISPATCHED,THINGZ,,,,,,,1,,ODM,DRESS,,2024-09-24 00:00:00+00,SEA,2024-09-29 00:00:00+00,,
TZ24239596,DISPATCHED,THINGZ,,,,,,,1,,ODM,DRESS,,2024-09-24 00:00:00+00,SEA,2024-09-29 00:00:00+00,,
TZ24067579,DISPATCHED,THINGZ,,,,,,,1,,ODM,DRESS,,2024-09-24 00:00:00+00,SEA,2024-09-29 00:00:00+00,,
TZ24294580,DISPATCHED,THINGZ,,,,,,,1,,ODM,DRESS,,2024-09-24 00:00:00+00,SEA,2024-09-29 00:00:00+00,,
TZ24002581,DISPATCHED,THINGZ,,,,,,,1,,ODM,DRESS,,2024-09-24 00:00:00+00,SEA,2024-09-29 00:00:00+00,,
TZ24002583,DISPATCHED,THINGZ,,,,,,,1,,ODM,DRESS,,2024-09-24 00:00:00+00,SEA,2024-09-29 00:00:00+00,,
TZ24345355,DISPATCHED,THINGZ,,,,,,,1,,ODM,DRESS,,2024-09-24 00:00:00+00,SEA,2024-09-29 00:00:00+00,,
TZ24345578,DISPATCHED,THINGZ,,,,,,,1,,ODM,DRESS,,2024-09-24 00:00:00+00,SEA,2024-09-29 00:00:00+00,,
TZ24239591,DISPATCHED,THINGZ,,,,,,,1,,ODM,DRESS,,2024-09-24 00:00:00+00,SEA,2024-09-29 00:00:00+00,,
TZ24239592,DISPATCHED,THINGZ,,,,,,,1,,ODM,DRESS,,2024-09-24 00:00:00+00,SEA,2024-09-29 00:00:00+00,,
TZ24239593,DISPATCHED,THINGZ,,,,,,,1,,ODM,DRESS,,2024-09-24 00:00:00+00,SEA,2024-09-29 00:00:00+00,,
TZ24239594,DISPATCHED,THINGZ,,,,,,,1,,ODM,DRESS,,2024-09-24 00:00:00+00,SEA,2024-09-29 00:00:00+00,,
VA24618559,DISPATCHED,VINE APPAREL,,,,,,,1,,ODM,DRESS,,2024-10-22 00:00:00+00,SEA,2024-11-19 00:00:00+00,,
VA24618571,DISPATCHED,VINE APPAREL,,,,,,,1,,ODM,DRESS,,2024-10-22 00:00:00+00,SEA,2024-11-19 00:00:00+00,,
VA24618558,DISPATCHED,VINE APPAREL,,,,,,,1,,ODM,DRESS,,2024-10-22 00:00:00+00,SEA,2024-11-19 00:00:00+00,,
VA24124348.MAR,DISPATCHED,VINE APPAREL,,,,,,,1,,ODM,DRESS,,2024-10-11 00:00:00+00,AIR,2024-10-16 00:00:00+00,,
C089149.NN.OS,DISPATCHED,VINE APPAREL,,,,,,,1,,ODM,DRESS,,2024-09-24 00:00:00+00,AIR,2024-09-29 00:00:00+00,,
C089149.FUS.OS,DISPATCHED,VINE APPAREL,,,,,,,1,,ODM,DRESS,,2024-08-24 00:00:00+00,AIR,2024-09-29 00:00:00+00,,
TZ24313708,DISPATCHED,THINGZ,,,,,,,1,,ODM,DRESS,,2024-11-22 00:00:00+00,AIR,2024-11-27 00:00:00+00,,
TZ24177720,DISPATCHED,THINGZ,,,,,,,1,,ODM,DRESS,,2024-11-22 00:00:00+00,AIR,2024-11-27 00:00:00+00,,
TZ24177718,DISPATCHED,THINGZ,,,,,,,1,,ODM,DRESS,,2024-11-22 00:00:00+00,AIR,2024-11-27 00:00:00+00,,
TZ24177717,DISPATCHED,THINGZ,,,,,,,1,,ODM,DRESS,,2024-11-22 00:00:00+00,AIR,2024-11-27 00:00:00+00,,
VA24618562,DISPATCHED,VINE APPAREL,,,,,,,1,,ODM,DRESS,,2024-10-22 00:00:00+00,SEA,2024-11-19 00:00:00+00,,
VA24618556,DISPATCHED,VINE APPAREL,,,,,,,1,,ODM,DRESS,,2024-10-22 00:00:00+00,SEA,2024-11-19 00:00:00+00,,
SF23110387,DISPATCHED,ST FROCK,,,,,,,1,,ODM,DRESS,,2024-10-18 00:00:00+00,AIR,2024-10-23 00:00:00+00,,
P23636327,DISPATCHED,ST FROCK,,,,,,,1,,ODM,DRESS,,2024-10-18 00:00:00+00,AIR,2024-10-23 00:00:00+00,,
SS24411725,DISPATCHED,SHE STREET,,,,,,,1,,ODM,DRESS,,2024-11-22 00:00:00+00,AIR,2024-11-27 00:00:00+00,,
SS24105726,DISPATCHED,SHE STREET,,,,,,,1,,ODM,DRESS,,2024-11-29 00:00:00+00,AIR,2024-12-05 00:00:00+00,,
SS24779638,DISPATCHED,SHE STREET,,,,,,,1,,ODM,DRESS,,2024-11-01 00:00:00+00,AIR,2024-11-06 00:00:00+00,,
SS24779639,DISPATCHED,SHE STREET,,,,,,,1,,ODM,DRESS,,2024-11-01 00:00:00+00,AIR,2024-11-06 00:00:00+00,,
SS24066641,DISPATCHED,SHE STREET,,,,,,,1,,ODM,DRESS,,2024-11-01 00:00:00+00,AIR,2024-11-06 00:00:00+00,,
SS24066640,DISPATCHED,SHE STREET,,,,,,,1,,ODM,DRESS,,2024-11-01 00:00:00+00,AIR,2024-11-06 00:00:00+00,,
SS24066642,DISPATCHED,SHE STREET,,,,,,,1,,ODM,DRESS,,2024-11-01 00:00:00+00,AIR,2024-11-06 00:00:00+00,,
C089149.BLU.OS,DISPATCHED,VINE APPAREL,,,,,,,1,,ODM,DRESS,,2024-11-01 00:00:00+00,AIR,2024-11-06 00:00:00+00,,
C089149.YEL.OS,DISPATCHED,VINE APPAREL,,,,,,,1,,ODM,DRESS,,2024-11-01 00:00:00+00,AIR,2024-11-06 00:00:00+00,,
C089149.PM.OS,DISPATCHED,VINE APPAREL,,,,,,,1,,ODM,DRESS,,2024-11-01 00:00:00+00,AIR,2024-11-06 00:00:00+00,,
VA24124351,DISPATCHED,VINE APPAREL,,,,,,,1,,ODM,DRESS,,2024-09-24 00:00:00+00,AIR,2024-09-29 00:00:00+00,,
C24739078.NBO 24 SEP,DISPATCHED,VINE APPAREL,,,,,,,1,,ODM,DRESS,,2024-09-24 00:00:00+00,AIR,2024-09-29 00:00:00+00,,
TZ24239693,NOT RELEASE,THINGZ,,,76,,,,1,,ODM,DRESS,PO1824,2024-11-29 00:00:00+00,AIR,2024-12-05 00:00:00+00,,
TZ24313706,DISPATCHED,THINGZ,,,70,,,,1,,ODM,DRESS,PO1824,2024-11-29 00:00:00+00,AIR,2024-12-05 00:00:00+00,,
TZ24239695,DISPATCHED,THINGZ,,,72,,,,1,,ODM,DRESS,PO1824,2024-11-29 00:00:00+00,AIR,2024-12-05 00:00:00+00,,
TZ24239694,DISPATCHED,THINGZ,,,64,,,,1,,ODM,DRESS,PO1824,2024-11-29 00:00:00+00,AIR,2024-12-05 00:00:00+00,,
OS24411783,ON HOLD,ORANGE SHEBERT,,,265,,,,1,,ODM,DRESS,PO1844,2024-11-29 00:00:00+00,AIR,2024-11-06 00:00:00+00,,
OS24277782 RED/PINK,NOT RELEASE,ORANGE SHEBERT,,,272,,,,1,,ODM,DRESS,PO1844,2024-11-22 00:00:00+00,AIR,2024-11-27 00:00:00+00,,
VA24124803 RED,SHIPPING,VINE APPAREL,,,204,,,,1,,ODM,TOP,PO1864,2024-12-11 00:00:00+00,SEA,,,
VA24124349 SANDSTONE,SHIPPING,VINE APPAREL,,,310,,,,1,,ODM,TOP,PO1842,2024-12-11 00:00:00+00,SEA,,,
SS24411729 BLUE CHECK,SHIPPING,SHE STREET,,,122,,,,1,,ODM,DRESS,PO1825,2024-12-11 00:00:00+00,SEA,,,
SS24155732 BLUE CHECK,SHIPPING,SHE STREET,,,123,,,,1,,ODM,PANT,PO1825,2024-12-11 00:00:00+00,SEA,,,
SS24124731 BLUE,SHIPPING,SHE STREET,,,164,,,,1,,ODM,TOP,PO1825,2024-12-11 00:00:00+00,SEA,,,
SS24105730 BLUE CHECK,SHIPPING,SHE STREET,,,172,,,,1,,ODM,DRESS,PO1825,2024-12-11 00:00:00+00,SEA,,,
SC24105771 BLACK,DISPATCHED,SALTY CRUSH,,,221,,,,1,,ODM,DRESS,PO1840,2024-12-13 00:00:00+00,AIR,2024-12-20 00:00:00+00,,
SC24002501 BROWN/WHITE,SHIPPING,SALTY CRUSH,,,201,,,,1,,ODM,DRESS,PO1850,2024-12-13 00:00:00+00,AIR,2024-12-20 00:00:00+00,,
OS24798785 BLUE,ON HOLD,ORANGE SHEBERT,,,201,,,,1,,ODM,DRESS,PO1845,2024-12-13 00:00:00+00,AIR,2024-12-20 00:00:00+00,,
OS24185784 BLUE,ON HOLD,ORANGE SHEBERT,,,203,,,,1,,ODM,DRESS,PO1845,2024-12-13 00:00:00+00,AIR,2024-12-20 00:00:00+00,,
EC24813737 EC24813737,SHIPPING,EVERGREEN,,,100,,,,1,,ODM,SHIRT,PO1832,2024-12-11 00:00:00+00,SEA,,,
EC24813734 LEOPARD,DISPATCHED,EVERGREEN,,,74,,,,1,,ODM,SHIRT,PO1829,2024-12-13 00:00:00+00,AIR,2024-12-20 00:00:00+00,,
EC24409738 CAMEL,SHIPPING,EVERGREEN,,,106,,,,1,,ODM,DRESS,PO1833,2024-12-11 00:00:00+00,SEA,,,
EC24180735 LEOPARD,DISPATCHED,EVERGREEN,,,78,,,,1,,ODM,TOP,PO1830,2024-12-13 00:00:00+00,AIR,2024-12-20 00:00:00+00,,
C24739078.NBO 11 DEC,SHIPPING,VINE APPAREL,,,400,,,,1,,ODM,DRESS,PO1841,2024-12-11 00:00:00+00,SEA,,,
C24271773 BEIGE LEOPARD,SHIPPING,,,,155,,,,1,"{""S"":2,""M"":2,""L"":2,""XL"":2}",BOHO,PANT,,2024-12-11 00:00:00+00,SEA,,,
C24241781 SAGE,NOT RELEASE,,,E14 FRONT,16,16,,,8,"{""S"":2,""M"":2,""L"":2,""XL"":2}",BOHO,DRESS,,2024-12-13 00:00:00+00,AIR,2024-12-20 00:00:00+00,,
C24241781 PINK,NOT RELEASE,,,F23,17,19,,,8,"{""S"":2,""M"":2,""L"":2,""XL"":2}",BOHO,DRESS,,2024-12-13 00:00:00+00,AIR,2024-12-20 00:00:00+00,,
C24241781 BLUE,NOT RELEASE,,,F22,19,19,,,8,"{""S"":2,""M"":2,""L"":2,""XL"":2}",BOHO,DRESS,,2024-12-13 00:00:00+00,AIR,2024-12-20 00:00:00+00,,
C24178774 PINK,NOT RELEASE,,,G33,11,11,,,6,"{""S/M"":2,""M/L"":2,""L/XL"":2}",BOHO,KIMONO,,,,2024-12-20 00:00:00+00,,
C24178774 CREAM,NOT RELEASE,,,G33,11,11,,,6,"{""S/M"":2,""M/L"":2,""L/XL"":2}",BOHO,KIMONO,,,,2024-12-20 00:00:00+00,,
C24160778 BLACK,NOT RELEASE,,,G14,16,16,,,8,"{""S"":2,""M"":2,""L"":2,""XL"":2}",BOHO,TOP,,,,2024-12-20 00:00:00+00,,
C24119812 BROWN,NOT RELEASE,,,G13,23,23,,,6,"{""S/M"":2,""M/L"":2,""L/XL"":2}",BOHO,DRESS,,,,2024-12-20 00:00:00+00,,
C24119812 BLACK,NOT RELEASE,,,G32,36,36,,,6,"{""S/M"":2,""M/L"":2,""L/XL"":2}",BOHO,DRESS,,,,2024-12-20 00:00:00+00,,
C24117772 BEIGE LEOPARD,SHIPPING,,,,156,,,,1,"{""S"":2,""M"":2,""L"":2,""XL"":2}",BOHO,TOP,,2024-12-11 00:00:00+00,SEA,,,
C24105818 NAVY LEOPARD,NOT RELEASE,,,H31,21,,,,6,"{""S"":2,""M"":2,""L"":2,""XL"":2}",BOHO,DRESS,,,,2024-12-20 00:00:00+00,,
C24105736 PINK,NOT RELEASE,,,"I13,I23,I33",28,28,,NOT RELEASE,6,"{""S/M"":2,""M/L"":2,""L/XL"":2}",BOHO,DRESS,,,,2024-12-20 00:00:00+00,,
C24105736 GREEN,NOT RELEASE,,,"I13,I23,I33",28,28,,,6,"{""S/M"":2,""M/L"":2,""L/XL"":2}",BOHO,DRESS,,,,2024-12-20 00:00:00+00,,
C24105697 BLACK,NOT RELEASE,,,H13,29,29,,,6,"{""S/M"":2,""M/L"":2,""L/XL"":2}",BOHO,DRESS,,,,2024-12-20 00:00:00+00,,
C24105683SS BLACK,SHIPPING,SHE STREET,,,144,,,,1,"{""S/M"":2,""M/L"":2,""L/XL"":2}",ODM,DRESS,PO1849,2024-12-11 00:00:00+00,SEA,,,
C24105605SS PINK,SHIPPING,SHE STREET,,,144,,,,1,"{""S/M"":2,""M/L"":2,""L/XL"":2}",ODM,DRESS,PO1849,2024-12-11 00:00:00+00,SEA,,,
C089149 WHITE VINE APPAREL,SHIPPING,VINE APPAREL,,,510,,,,1,,ODM,TOP,,2024-12-11 00:00:00+00,SEA,,,
C089149 PINK VINE APPAREL,SHIPPING,VINE APPAREL,,,317,,,,1,,ODM,TOP,,2024-12-11 00:00:00+00,SEA,,,
C089149 BLACK (VINE APPAREL),SHIPPING,VINE APPAREL,,,309,,,,1,,ODM,TOP,,2024-12-11 00:00:00+00,SEA,,,
C24372466,OUT OF STOCK,,,,30,,,,8,"{""S"":2,""M"":2,""L"":2,""XL"":2}",BOHO,DRESS,,,,2024-07-24 00:00:00+00,,
C24105398,OUT OF STOCK,,,,28,,,,6,"{""S/M"":2,""M/L"":2,""L/XL"":2}",BOHO,DRESS,,,,2024-06-26 00:00:00+00,,
C24105343,OUT OF STOCK,,,,31,,,,6,"{""S/M"":2,""M/L"":2,""L/XL"":2}",BOHO,DRESS,,,,2024-06-05 00:00:00+00,,
EC24813739 NAVY MULTI,SHIPPING,EVERGREEN,,,100,,,,1,,ODM,SHIRT,PO1834,2024-12-18 00:00:00+00,SEA,,,
VA24105722 BLACK,SHIPPING,VINE APPAREL,,,300,,,,1,,ODM,DRESS,PO1852,2024-12-18 00:00:00+00,SEA,,,
VA24105604 HOT PINK,SHIPPING,VINE APPAREL,,,303,,,,1,,ODM,DRESS,PO1852,2024-12-18 00:00:00+00,SEA,,,
C24220813 OAT,NOT RELEASE,,,,18,18,,,8,"{""S"":2,""M"":2,""L"":2,""XL"":2}",BOHO,DRESS,,2024-12-20 00:00:00+00,AIR,2024-12-30 00:00:00+00,,
C24220813 FUSCHIA,NOT RELEASE,,,J22,18,18,,,8,"{""S"":2,""M"":2,""L"":2,""XL"":2}",BOHO,DRESS,,2024-12-20 00:00:00+00,AIR,2024-12-30 00:00:00+00,,
C24248829 NAVY LEOPARD,NOT RELEASE,,,,22,22,,,6,"{""S/M"":2,""M/L"":2,""L/XL"":2}",BOHO,TOP,,2024-12-20 00:00:00+00,AIR,2024-12-30 00:00:00+00,,
SS24066642 CORAL,ON HOLD,SHE STREET,,,98,,,,1,"{""S/M"":2,""M/L"":2,""L/XL"":2}",BOHO,DRESS,PO1857,2024-12-20 00:00:00+00,AIR,2024-12-30 00:00:00+00,,
C24192845 NAVY,NOT RELEASE,,,,11,11,,,8,"{""S"":2,""M"":2,""L"":2,""XL"":2}",BOHO,DRESS,,2024-12-20 00:00:00+00,AIR,2024-12-30 00:00:00+00,,
P24189799 ICE BLUE,NOT RELEASE,,,,17,17,,,7,"{ ""8"": 1, ""10"": 2, ""12"": 2, ""14"": 1, ""16"": 1 }",PRIMROSE,PANT,,2024-12-20 00:00:00+00,AIR,2024-12-30 00:00:00+00,,
P24190798 ICE BLUE,NOT RELEASE,,,,16,16,,,7,"{ ""8"": 1, ""10"": 2, ""12"": 2, ""14"": 1, ""16"": 1 }",PRIMROSE,TOP,,2024-12-20 00:00:00+00,AIR,2024-12-30 00:00:00+00,,
C24270828 NAVY LEOPARD,NOT RELEASE,,,,22,22,,,6,"{""S/M"":2,""M/L"":2,""L/XL"":2}",BOHO,PANT,,2024-12-20 00:00:00+00,AIR,2024-12-30 00:00:00+00,,
P24245797 BEIGE/BLACK,NOT RELEASE,,,,18,18,,,7,"{ ""8"": 1, ""10"": 2, ""12"": 2, ""14"": 1, ""16"": 1 }",PRIMROSE,PANT,,2024-12-20 00:00:00+00,AIR,2024-12-30 00:00:00+00,,
C24776801 BLUE/PINK,NOT RELEASE,,,,34,34,,,8,"{""S"":2,""M"":2,""L"":2,""XL"":2}",BOHO,DRESS,,2024-12-20 00:00:00+00,AIR,2024-12-30 00:00:00+00,,
C24252806 MULTI,NOT RELEASE,,,,30,30,,,8,"{""S"":2,""M"":2,""L"":2,""XL"":2}",BOHO,DRESS,,2024-12-20 00:00:00+00,AIR,2024-12-30 00:00:00+00,,
C24252790 PINK LEOPARD,NOT RELEASE,,,,19,19,,,8,"{""S"":2,""M"":2,""L"":2,""XL"":2}",BOHO,DRESS,,2024-12-20 00:00:00+00,AIR,2024-12-30 00:00:00+00,,
C24252791 DUSY PINK,NOT RELEASE,,,,17,17,,,8,"{""S"":2,""M"":2,""L"":2,""XL"":2}",BOHO,DRESS,,2024-12-20 00:00:00+00,AIR,2024-12-30 00:00:00+00,,
C24252791 WHITE,NOT RELEASE,,,,17,17,,,8,"{""S"":2,""M"":2,""L"":2,""XL"":2}",BOHO,DRESS,,2024-12-20 00:00:00+00,AIR,2024-12-30 00:00:00+00,,
C24134802 BLUE/PINK,NOT RELEASE,,,,34,34,,,8,"{""S"":2,""M"":2,""L"":2,""XL"":2}",BOHO,DRESS,,2024-12-20 00:00:00+00,AIR,2024-12-30 00:00:00+00,,
C24776807 MULTI,NOT RELEASE,,,,30,30,,,8,"{""S"":2,""M"":2,""L"":2,""XL"":2}",BOHO,DRESS,,2024-12-20 00:00:00+00,AIR,2024-12-30 00:00:00+00,,
C24170805 FLAMINGO,NOT RELEASE,,,,40,40,,,4,"{""ONE SIZE"":4}",BOHO,DRESS,,2024-12-20 00:00:00+00,AIR,2024-12-30 00:00:00+00,,
P24181793 MULTI,NOT RELEASE,,,,25,25,,,7,"{ ""8"": 1, ""10"": 2, ""12"": 2, ""14"": 1, ""16"": 1 }",PRIMROSE,DRESS,,2024-12-20 00:00:00+00,AIR,2024-12-30 00:00:00+00,,
C24286821 BEIGE LEOPARD,NOT RELEASE,,,,17,,,,8,"{""S"":2,""M"":2,""L"":2,""XL"":2}",BOHO,DRESS,,2024-12-27 00:00:00+00,AIR,,,
C24204847 BLACK,NOT RELEASE,,,,17,,,,8,"{""S"":2,""M"":2,""L"":2,""XL"":2}",BOHO,DRESS,,2024-12-27 00:00:00+00,AIR,,,
C24270824 NAVY,NOT RELEASE,,,,22,,,,6,"{""S/M"":2,""M/L"":2,""L/XL"":2}",BOHO,PANT,,2024-12-27 00:00:00+00,AIR,,,
C24143822 NAVY,NOT RELEASE,,,,22,,,,6,"{""S/M"":2,""M/L"":2,""L/XL"":2}",BOHO,SHIRT,,2024-12-27 00:00:00+00,AIR,,,
VA24618574 BLACK/PINK,SHIPPING,VINE APPAREL,,,320,,,,1,,ODM,DRESS,PO1862,2024-12-27 00:00:00+00,AIR,,,
C24270851 BLACK FLORAL,NOT RELEASE,,,,21,,,,6,"{""S/M"":2,""M/L"":2,""L/XL"":2}",BOHO,PANT,,2024-12-27 00:00:00+00,AIR,,,
C24248850 BLACK FLORAL,NOT RELEASE,,,,21,,,,6,"{""S/M"":2,""M/L"":2,""L/XL"":2}",BOHO,TOP,,2024-12-27 00:00:00+00,AIR,,,
TZ24239870 NAVY/BLUE,SHIPPING,THINGZ,,,70,,,,1,,ODM,DRESS,PO1861,2024-12-27 00:00:00+00,AIR,,,
TZ24239871 BLACK/AQUA,SHIPPING,THINGZ,,,79,,,,1,,ODM,DRESS,PO1861,2024-12-27 00:00:00+00,AIR,,,
TZ24239868 GREEN,SHIPPING,THINGZ,,,69,,,,1,,ODM,DRESS,PO1861,2024-12-27 00:00:00+00,AIR,,,
TZ24239869 BLACK,SHIPPING,THINGZ,,,78,,,,1,,ODM,DRESS,PO1861,2024-12-27 00:00:00+00,AIR,,,
TZ24117862 BLACK/PINK,SHIPPING,THINGZ,,,75,,,,1,,ODM,DRESS,PO1861,2024-12-27 00:00:00+00,AIR,,,
TZ24117861 AQUA,SHIPPING,THINGZ,,,74,,,,1,,ODM,DRESS,PO1861,2024-12-27 00:00:00+00,AIR,,,
C24199789 PINK/WHITE,NOT RELEASE,,,,27,,,,8,"{""S"":2,""M"":2,""L"":2,""XL"":2}",BOHO,DRESS,,2024-12-27 00:00:00+00,AIR,,,
C24199789 WHITE/RED,NOT RELEASE,,,,27,,,,8,"{""S"":2,""M"":2,""L"":2,""XL"":2}",BOHO,DRESS,,2024-12-27 00:00:00+00,AIR,,,
C24773788 WHITE/BLUE,NOT RELEASE,,,,27,,,,8,"{""S"":2,""M"":2,""L"":2,""XL"":2}",BOHO,DRESS,,2024-12-27 00:00:00+00,AIR,,,
C24257814 FLAMINGO,NOT RELEASE,,,,30,,,,6,"{""S/M"":2,""M/L"":2,""L/XL"":2}",BOHO,DRESS,,2024-12-27 00:00:00+00,AIR,,,
C24776844 BLACK/WHITE,NOT RELEASE,,,,27,,,,8,"{""S"":2,""M"":2,""L"":2,""XL"":2}",BOHO,DRESS,,2024-12-27 00:00:00+00,AIR,,,
P24244796 BEIGE/BLACK,NOT RELEASE,,,,19,,,,7,"{ ""8"": 1, ""10"": 2, ""12"": 2, ""14"": 1, ""16"": 1 }",PRIMROSE,SHIRT,,2024-12-27 00:00:00+00,AIR,,,
SF23110387 BLACK,SHIPPING,ST FROCK,,,99,,,,1,,ODM,DRESS,PO1858,2024-12-27 00:00:00+00,AIR,,,
SF24117894 BLACK,SHIPPING,ST FROCK,,,98,,,,1,,ODM,DRESS,PO1863,2024-12-27 00:00:00+00,AIR,,,